Date,Open,High,Low,Close,Adj Close,Volume,Ticker,Net_Close,Net_High
2020-12-01,5.860000133514404,6.800000190734863,5.550000190734863,6.190000057220459,6.190000057220459,35822300,MARA,0.3299999237060547,0.940000057220459
2020-12-02,5.980000019073486,6.010000228881836,5.460000038146973,5.760000228881836,5.760000228881836,15836100,MARA,-0.2199997901916504,0.03000020980834961
2020-12-03,5.960000038146973,6.179999828338623,5.659999847412109,5.909999847412109,5.909999847412109,25417500,MARA,-0.05000019073486328,0.2199997901916504
2020-12-04,5.760000228881836,5.900000095367432,5.369999885559082,5.400000095367432,5.400000095367432,22191100,MARA,-0.3600001335144043,0.1399998664855957
2020-12-07,5.400000095367432,6.039999961853027,5.389999866485596,5.510000228881836,5.510000228881836,21467800,MARA,0.1100001335144043,0.6399998664855957
2020-12-08,5.420000076293945,5.489999771118164,5.070000171661377,5.179999828338623,5.179999828338623,13333500,MARA,-0.24000024795532227,0.06999969482421875
2020-12-09,5.230000019073486,5.340000152587891,4.519999980926514,4.78000020980835,4.78000020980835,16146300,MARA,-0.4499998092651367,0.1100001335144043
2020-12-10,4.510000228881836,5.289999961853027,4.5,5.21999979019165,5.21999979019165,12805000,MARA,0.7099995613098145,0.7799997329711914
2020-12-11,4.980000019073486,5.170000076293945,4.659999847412109,4.75,4.75,10126500,MARA,-0.23000001907348633,0.19000005722045898
2020-12-14,5.320000171661377,5.860000133514404,5.139999866485596,5.539999961853027,5.539999961853027,23564900,MARA,0.2199997901916504,0.5399999618530273
2020-12-15,5.699999809265137,7.159999847412109,5.53000020980835,7.070000171661377,7.070000171661377,38775400,MARA,1.3700003623962402,1.4600000381469727
2020-12-16,8.180000305175781,8.850000381469727,7.650000095367432,8.229999542236328,8.229999542236328,88747800,MARA,0.049999237060546875,0.6700000762939453
2020-12-17,9.65999984741211,10.449999809265137,9.029999732971191,9.470000267028809,9.470000267028809,89585900,MARA,-0.18999958038330078,0.7899999618530273
2020-12-18,8.800000190734863,10.1899995803833,8.430000305175781,9.3100004196167,9.3100004196167,42205500,MARA,0.5100002288818359,1.3899993896484375
2020-12-21,9.109999656677246,11.550000190734863,9.050000190734863,11.5,11.5,50428000,MARA,2.390000343322754,2.440000534057617
2020-12-22,12.949999809265137,14.079999923706055,12.229999542236328,13.970000267028809,13.970000267028809,55643900,MARA,1.0200004577636719,1.130000114440918
2020-12-23,13.680000305175781,13.850000381469727,10.789999961853027,10.8100004196167,10.8100004196167,41595300,MARA,-2.869999885559082,0.1700000762939453
2020-12-24,11.670000076293945,12.350000381469727,10.550000190734863,10.920000076293945,10.920000076293945,19138200,MARA,-0.75,0.6800003051757812
2020-12-28,14.0,14.65999984741211,12.100000381469727,12.25,12.25,58753600,MARA,-1.75,0.6599998474121094
2020-12-29,12.229999542236328,12.539999961853027,11.09000015258789,11.760000228881836,11.760000228881836,28427100,MARA,-0.4699993133544922,0.3100004196166992
2020-12-30,12.5600004196167,12.949999809265137,10.710000038146973,10.880000114440918,10.880000114440918,55300400,MARA,-1.6800003051757812,0.3899993896484375
2020-12-31,10.869999885559082,11.609999656677246,9.619999885559082,10.4399995803833,10.4399995803833,36916400,MARA,-0.43000030517578125,0.7399997711181641
2021-01-04,12.479999542236328,12.489999771118164,10.529999732971191,11.010000228881836,11.010000228881836,35826600,MARA,-1.4699993133544922,0.010000228881835938
2021-01-05,10.699999809265137,14.300000190734863,10.6899995803833,13.59000015258789,13.59000015258789,61984100,MARA,2.890000343322754,3.6000003814697266
2021-01-06,14.579999923706055,17.579999923706055,14.25,16.959999084472656,16.959999084472656,83119900,MARA,2.3799991607666016,3.0
2021-01-07,20.18000030517578,24.350000381469727,18.549999237060547,22.360000610351562,22.360000610351562,118963600,MARA,2.1800003051757812,4.170000076293945
2021-01-08,25.059999465942383,28.3700008392334,23.799999237060547,26.389999389648438,26.389999389648438,97428200,MARA,1.3299999237060547,3.3100013732910156
2021-01-11,20.0,25.440000534057617,19.600000381469727,23.360000610351562,23.360000610351562,93551100,MARA,3.3600006103515625,5.440000534057617
2021-01-12,24.0,26.920000076293945,22.809999465942383,26.149999618530273,26.149999618530273,57414200,MARA,2.1499996185302734,2.9200000762939453
2021-01-13,22.389999389648438,23.65999984741211,21.649999618530273,23.0,23.0,69463000,MARA,0.6100006103515625,1.2700004577636719
2021-01-14,25.90999984741211,26.549999237060547,23.729999542236328,24.440000534057617,24.440000534057617,55343600,MARA,-1.4699993133544922,0.6399993896484375
2021-01-15,23.100000381469727,23.670000076293945,21.850000381469727,22.389999389648438,22.389999389648438,33851100,MARA,-0.7100009918212891,0.5699996948242188
2021-01-19,23.81999969482422,23.93000030517578,22.040000915527344,22.350000381469727,22.350000381469727,28223700,MARA,-1.4699993133544922,0.1100006103515625
2021-01-20,21.110000610351562,21.3799991607666,17.59000015258789,19.270000457763672,19.270000457763672,45124100,MARA,-1.8400001525878906,0.26999855041503906
2021-01-21,16.450000762939453,19.100000381469727,15.720000267028809,17.559999465942383,17.559999465942383,51838200,MARA,1.1099987030029297,2.6499996185302734
2021-01-22,18.770000457763672,19.850000381469727,17.950000762939453,18.299999237060547,18.299999237060547,41305200,MARA,-0.470001220703125,1.0799999237060547
2021-01-25,19.5,19.56999969482422,17.450000762939453,18.219999313354492,18.219999313354492,24655900,MARA,-1.2800006866455078,0.06999969482421875
2021-01-26,17.5,19.59000015258789,17.010000228881836,18.600000381469727,18.600000381469727,29926800,MARA,1.1000003814697266,2.0900001525878906
2021-01-27,17.09000015258789,18.43000030517578,16.479999542236328,17.649999618530273,17.649999618530273,17609100,MARA,0.5599994659423828,1.3400001525878906
2021-01-28,18.389999389648438,21.959999084472656,17.15999984741211,19.899999618530273,19.899999618530273,39673500,MARA,1.510000228881836,3.5699996948242188
2021-01-29,24.139999389648438,24.18000030517578,19.649999618530273,20.739999771118164,20.739999771118164,43378300,MARA,-3.3999996185302734,0.04000091552734375
2021-02-01,20.579999923706055,21.15999984741211,19.350000381469727,20.739999771118164,20.739999771118164,17122600,MARA,0.15999984741210938,0.5799999237060547
2021-02-02,21.389999389648438,23.40999984741211,20.299999237060547,22.739999771118164,22.739999771118164,23919100,MARA,1.3500003814697266,2.020000457763672
2021-02-03,23.0,24.959999084472656,22.799999237060547,23.670000076293945,23.670000076293945,26745800,MARA,0.6700000762939453,1.9599990844726562
2021-02-04,24.0,24.09000015258789,21.860000610351562,22.799999237060547,22.799999237060547,21042000,MARA,-1.2000007629394531,0.09000015258789062
2021-02-05,23.100000381469727,23.889999389648438,21.899999618530273,22.520000457763672,22.520000457763672,16620800,MARA,-0.5799999237060547,0.7899990081787109
2021-02-08,26.940000534057617,32.06999969482422,25.649999618530273,32.06999969482422,32.06999969482422,73091600,MARA,5.129999160766602,5.129999160766602
2021-02-09,35.5099983215332,39.7400016784668,33.529998779296875,37.59000015258789,37.59000015258789,57665400,MARA,2.0800018310546875,4.230003356933594
2021-02-10,34.65999984741211,36.349998474121094,30.6299991607666,34.0099983215332,34.0099983215332,30291700,MARA,-0.6500015258789062,1.6899986267089844
2021-02-11,38.29999923706055,41.0,36.0,37.27000045776367,37.27000045776367,38459700,MARA,-1.029998779296875,2.700000762939453
2021-02-12,37.88999938964844,40.9900016784668,36.310001373291016,38.459999084472656,38.459999084472656,31026300,MARA,0.5699996948242188,3.1000022888183594
2021-02-16,41.959999084472656,45.2599983215332,41.25,43.560001373291016,43.560001373291016,29144000,MARA,1.6000022888183594,3.299999237060547
2021-02-17,46.029998779296875,49.40999984741211,43.650001525878906,47.900001525878906,47.900001525878906,35069000,MARA,1.8700027465820312,3.3800010681152344
2021-02-18,44.18000030517578,47.720001220703125,40.720001220703125,40.97999954223633,40.97999954223633,24599800,MARA,-3.200000762939453,3.5400009155273438
2021-02-19,43.7599983215332,46.400001525878906,42.18000030517578,43.27000045776367,43.27000045776367,24234100,MARA,-0.48999786376953125,2.640003204345703
2021-02-22,37.04999923706055,41.4900016784668,36.599998474121094,37.11000061035156,37.11000061035156,20575300,MARA,0.060001373291015625,4.44000244140625
2021-02-23,30.989999771118164,31.709999084472656,26.059999465942383,28.559999465942383,28.559999465942383,31753900,MARA,-2.4300003051757812,0.7199993133544922
2021-02-24,32.54999923706055,36.540000915527344,31.1299991607666,33.40999984741211,33.40999984741211,26775000,MARA,0.8600006103515625,3.990001678466797
2021-02-25,36.06999969482422,37.689998626708984,29.68000030517578,30.6299991607666,30.6299991607666,23955600,MARA,-5.440000534057617,1.6199989318847656
2021-02-26,28.549999237060547,32.349998474121094,28.200000762939453,30.149999618530273,30.149999618530273,21127500,MARA,1.6000003814697266,3.799999237060547
2021-03-01,34.220001220703125,38.5,32.33000183105469,38.5,38.5,22963800,MARA,4.279998779296875,4.279998779296875
2021-03-02,40.0,40.0,34.66999816894531,34.88999938964844,34.88999938964844,17302500,MARA,-5.1100006103515625,0.0
2021-03-03,38.11000061035156,38.45000076293945,34.83000183105469,36.619998931884766,36.619998931884766,18558700,MARA,-1.4900016784667969,0.3400001525878906
2021-03-04,34.349998474121094,36.20000076293945,28.5,32.0099983215332,32.0099983215332,20974700,MARA,-2.3400001525878906,1.8500022888183594
2021-03-05,32.400001525878906,32.880001068115234,24.110000610351562,30.030000686645508,30.030000686645508,24275700,MARA,-2.3700008392333984,0.4799995422363281
2021-03-08,31.5,32.45000076293945,28.010000228881836,28.510000228881836,28.510000228881836,16352300,MARA,-2.989999771118164,0.9500007629394531
2021-03-09,32.02000045776367,37.959999084472656,31.829999923706055,36.77000045776367,36.77000045776367,27885100,MARA,4.75,5.939998626708984
2021-03-10,39.400001525878906,40.54999923706055,36.29999923706055,38.189998626708984,38.189998626708984,24032800,MARA,-1.2100028991699219,1.1499977111816406
2021-03-11,38.900001525878906,42.209999084472656,37.869998931884766,41.810001373291016,41.810001373291016,19389200,MARA,2.9099998474121094,3.30999755859375
2021-03-12,37.77000045776367,43.599998474121094,37.5,40.70000076293945,40.70000076293945,15683400,MARA,2.9300003051757812,5.829998016357422
2021-03-15,41.0099983215332,44.869998931884766,41.0,43.099998474121094,43.099998474121094,15997600,MARA,2.0900001525878906,3.8600006103515625
2021-03-16,41.59000015258789,42.189998626708984,37.08000183105469,38.36000061035156,38.36000061035156,14829500,MARA,-3.229999542236328,0.5999984741210938
2021-03-17,37.0099983215332,43.400001525878906,35.0,43.18000030517578,43.18000030517578,21192100,MARA,6.170001983642578,6.390003204345703
2021-03-18,41.900001525878906,45.90999984741211,40.709999084472656,41.560001373291016,41.560001373291016,22632700,MARA,-0.3400001525878906,4.009998321533203
2021-03-19,42.310001373291016,44.29999923706055,41.599998474121094,43.04999923706055,43.04999923706055,18246700,MARA,0.7399978637695312,1.9899978637695312
2021-03-22,42.970001220703125,43.22999954223633,39.130001068115234,39.9900016784668,39.9900016784668,16740600,MARA,-2.979999542236328,0.2599983215332031
2021-03-23,39.189998626708984,41.369998931884766,37.61000061035156,38.040000915527344,38.040000915527344,15570400,MARA,-1.1499977111816406,2.1800003051757812
2021-03-24,40.02000045776367,40.59000015258789,33.63999938964844,34.040000915527344,34.040000915527344,14714100,MARA,-5.979999542236328,0.5699996948242188
2021-03-25,29.84000015258789,34.70000076293945,29.56999969482422,34.20000076293945,34.20000076293945,17276000,MARA,4.3600006103515625,4.8600006103515625
2021-03-26,34.75,36.189998626708984,33.79999923706055,36.09000015258789,36.09000015258789,10801900,MARA,1.3400001525878906,1.4399986267089844
2021-03-29,39.02000045776367,40.439998626708984,37.619998931884766,38.130001068115234,38.130001068115234,15161100,MARA,-0.8899993896484375,1.4199981689453125
2021-03-30,39.33000183105469,44.349998474121094,38.54999923706055,44.13999938964844,44.13999938964844,23344700,MARA,4.80999755859375,5.019996643066406
2021-03-31,43.529998779296875,50.209999084472656,42.599998474121094,48.02000045776367,48.02000045776367,35148800,MARA,4.490001678466797,6.680000305175781
2021-04-01,48.880001068115234,51.7599983215332,47.310001373291016,48.849998474121094,48.849998474121094,20813200,MARA,-0.030002593994140625,2.8799972534179688
2021-04-05,48.88999938964844,57.16999816894531,47.400001525878906,56.560001373291016,56.560001373291016,29046800,MARA,7.670001983642578,8.279998779296875
2021-04-06,56.689998626708984,57.75,51.220001220703125,52.45000076293945,52.45000076293945,21419500,MARA,-4.239997863769531,1.0600013732910156
2021-04-07,49.209999084472656,51.16999816894531,45.54999923706055,46.2599983215332,46.2599983215332,21233700,MARA,-2.950000762939453,1.9599990844726562
2021-04-08,48.70000076293945,52.099998474121094,48.470001220703125,49.81999969482422,49.81999969482422,22117800,MARA,1.1199989318847656,3.3999977111816406
2021-04-09,51.0,52.11000061035156,46.849998474121094,49.0,49.0,20887500,MARA,-2.0,1.1100006103515625
2021-04-12,51.61000061035156,54.52000045776367,48.709999084472656,50.06999969482422,50.06999969482422,27398800,MARA,-1.5400009155273438,2.9099998474121094
2021-04-13,54.0,54.040000915527344,49.720001220703125,51.0,51.0,33395300,MARA,-3.0,0.04000091552734375
2021-04-14,50.959999084472656,50.97999954223633,42.2599983215332,42.970001220703125,42.970001220703125,43053800,MARA,-7.989997863769531,0.020000457763671875
2021-04-15,43.869998931884766,44.97999954223633,38.54999923706055,42.13999938964844,42.13999938964844,35506900,MARA,-1.7299995422363281,1.1100006103515625
2021-04-16,39.599998474121094,41.189998626708984,37.68000030517578,38.93000030517578,38.93000030517578,23728200,MARA,-0.6699981689453125,1.5900001525878906
2021-04-19,35.02000045776367,37.09000015258789,33.2400016784668,35.54999923706055,35.54999923706055,28403500,MARA,0.529998779296875,2.0699996948242188
2021-04-20,34.79999923706055,35.77000045776367,30.739999771118164,33.56999969482422,33.56999969482422,26874700,MARA,-1.2299995422363281,0.970001220703125
2021-04-21,31.389999389648438,35.68000030517578,31.049999237060547,34.93000030517578,34.93000030517578,22768400,MARA,3.5400009155273438,4.290000915527344
2021-04-22,34.54999923706055,35.72999954223633,30.920000076293945,31.059999465942383,31.059999465942383,22212700,MARA,-3.489999771118164,1.1800003051757812
2021-04-23,29.09000015258789,32.709999084472656,28.360000610351562,32.29999923706055,32.29999923706055,21697800,MARA,3.2099990844726562,3.6199989318847656
2021-04-26,34.91999816894531,36.31999969482422,33.2599983215332,34.13999938964844,34.13999938964844,20890200,MARA,-0.779998779296875,1.4000015258789062
2021-04-27,35.099998474121094,35.400001525878906,33.779998779296875,34.119998931884766,34.119998931884766,12994300,MARA,-0.9799995422363281,0.3000030517578125
2021-04-28,34.18000030517578,37.91999816894531,33.58000183105469,37.63999938964844,37.63999938964844,20558200,MARA,3.4599990844726562,3.7399978637695312
2021-04-29,36.099998474121094,36.63999938964844,33.79999923706055,34.2599983215332,34.2599983215332,15562100,MARA,-1.8400001525878906,0.5400009155273438
2020-12-01,94.13999938964844,94.81999969482422,93.95999908447266,94.68000030517578,94.68000030517578,1240200,SONY,0.5400009155273438,0.6800003051757812
2020-12-02,92.38999938964844,93.3499984741211,92.16000366210938,92.62000274658203,92.62000274658203,1188400,SONY,0.23000335693359375,0.9599990844726562
2020-12-03,93.80000305175781,94.30000305175781,93.58000183105469,93.83000183105469,93.83000183105469,754600,SONY,0.029998779296875,0.5
2020-12-04,93.9000015258789,94.41000366210938,93.80000305175781,94.4000015258789,94.4000015258789,570100,SONY,0.5,0.5100021362304688
2020-12-07,93.0,93.62000274658203,92.94000244140625,93.36000061035156,93.36000061035156,901400,SONY,0.3600006103515625,0.6200027465820312
2020-12-08,93.4000015258789,93.80000305175781,93.1500015258789,93.37000274658203,93.37000274658203,717900,SONY,-0.029998779296875,0.40000152587890625
2020-12-09,94.58999633789062,94.62999725341797,93.25,94.12999725341797,94.12999725341797,1988700,SONY,-0.45999908447265625,0.04000091552734375
2020-12-10,93.69999694824219,94.19000244140625,93.33000183105469,94.08999633789062,94.08999633789062,725400,SONY,0.3899993896484375,0.4900054931640625
2020-12-11,94.30999755859375,94.9800033569336,94.16000366210938,94.68000030517578,94.68000030517578,907600,SONY,0.37000274658203125,0.6700057983398438
2020-12-14,94.95999908447266,95.05000305175781,93.33999633789062,93.37000274658203,93.37000274658203,855700,SONY,-1.589996337890625,0.09000396728515625
2020-12-15,93.80000305175781,94.63999938964844,93.55000305175781,94.1500015258789,94.1500015258789,824300,SONY,0.34999847412109375,0.839996337890625
2020-12-16,94.2699966430664,95.36000061035156,94.05000305175781,95.11000061035156,95.11000061035156,856800,SONY,0.8400039672851562,1.0900039672851562
2020-12-17,97.06999969482422,97.7699966430664,96.7699966430664,97.0199966430664,97.0199966430664,1199700,SONY,-0.0500030517578125,0.6999969482421875
2020-12-18,99.0999984741211,99.3499984741211,98.13999938964844,98.70999908447266,98.70999908447266,1289600,SONY,-0.3899993896484375,0.25
2020-12-21,98.88999938964844,99.52999877929688,97.80999755859375,99.4000015258789,99.4000015258789,939000,SONY,0.5100021362304688,0.6399993896484375
2020-12-22,97.95999908447266,98.30999755859375,97.27999877929688,97.45999908447266,97.45999908447266,743000,SONY,-0.5,0.34999847412109375
2020-12-23,98.12999725341797,98.12999725341797,97.23999786376953,97.45999908447266,97.45999908447266,669600,SONY,-0.6699981689453125,0.0
2020-12-24,97.45999908447266,97.55999755859375,96.54000091552734,96.83999633789062,96.83999633789062,301800,SONY,-0.6200027465820312,0.09999847412109375
2020-12-28,98.19000244140625,98.29000091552734,97.83000183105469,97.94999694824219,97.94999694824219,963600,SONY,-0.2400054931640625,0.09999847412109375
2020-12-29,100.0,100.83000183105469,99.3499984741211,100.43000030517578,100.43000030517578,988800,SONY,0.43000030517578125,0.8300018310546875
2020-12-30,99.80000305175781,100.94999694824219,99.66000366210938,100.77999877929688,100.77999877929688,616200,SONY,0.9799957275390625,1.149993896484375
2020-12-31,100.93000030517578,101.4000015258789,100.61000061035156,101.0999984741211,101.0999984741211,670700,SONY,0.1699981689453125,0.470001220703125
2021-01-04,101.5,101.62000274658203,99.45999908447266,100.06999969482422,100.06999969482422,1064000,SONY,-1.4300003051757812,0.12000274658203125
2021-01-05,102.0199966430664,103.5199966430664,102.0,103.11000061035156,103.11000061035156,1118700,SONY,1.0900039672851562,1.5
2021-01-06,100.45999908447266,101.98999786376953,100.27999877929688,101.08000183105469,101.08000183105469,981500,SONY,0.6200027465820312,1.529998779296875
2021-01-07,101.08000183105469,102.08999633789062,100.86000061035156,102.0,102.0,760700,SONY,0.9199981689453125,1.0099945068359375
2021-01-08,103.29000091552734,104.0,102.94000244140625,103.98999786376953,103.98999786376953,1400400,SONY,0.6999969482421875,0.7099990844726562
2021-01-11,104.33000183105469,105.0,103.33000183105469,103.83999633789062,103.83999633789062,1036600,SONY,-0.4900054931640625,0.6699981689453125
2021-01-12,104.30000305175781,104.4800033569336,103.27999877929688,104.02999877929688,104.02999877929688,1192300,SONY,-0.2700042724609375,0.18000030517578125
2021-01-13,103.23999786376953,104.33999633789062,103.19999694824219,103.88999938964844,103.88999938964844,794400,SONY,0.6500015258789062,1.0999984741210938
2021-01-14,103.6500015258789,103.9800033569336,103.23999786376953,103.41999816894531,103.41999816894531,831100,SONY,-0.23000335693359375,0.3300018310546875
2021-01-15,101.79000091552734,102.69999694824219,101.52999877929688,102.05000305175781,102.05000305175781,1027600,SONY,0.26000213623046875,0.9099960327148438
2021-01-19,102.02999877929688,102.44000244140625,101.69999694824219,102.2300033569336,102.2300033569336,701000,SONY,0.20000457763671875,0.410003662109375
2021-01-20,102.43000030517578,103.5999984741211,102.43000030517578,102.88999938964844,102.88999938964844,874000,SONY,0.45999908447265625,1.1699981689453125
2021-01-21,102.91000366210938,103.19999694824219,101.9000015258789,102.55000305175781,102.55000305175781,649200,SONY,-0.3600006103515625,0.2899932861328125
2021-01-22,101.62000274658203,101.93000030517578,101.02999877929688,101.11000061035156,101.11000061035156,759600,SONY,-0.5100021362304688,0.30999755859375
2021-01-25,99.69999694824219,99.94000244140625,97.81999969482422,99.27999877929688,99.27999877929688,1457800,SONY,-0.4199981689453125,0.2400054931640625
2021-01-26,99.8499984741211,100.18000030517578,99.38999938964844,99.70999908447266,99.70999908447266,775000,SONY,-0.1399993896484375,0.3300018310546875
2021-01-27,97.77999877929688,98.87999725341797,96.88999938964844,97.0,97.0,1115200,SONY,-0.779998779296875,1.0999984741210938
2021-01-28,96.37999725341797,98.41999816894531,96.19999694824219,97.6500015258789,97.6500015258789,1439700,SONY,1.2700042724609375,2.0400009155273438
2021-01-29,97.0,97.08999633789062,95.08999633789062,95.70999908447266,95.70999908447266,859200,SONY,-1.2900009155273438,0.089996337890625
2021-02-01,97.61000061035156,98.63999938964844,96.94000244140625,98.52999877929688,98.52999877929688,1499500,SONY,0.9199981689453125,1.029998779296875
2021-02-02,99.5,99.83000183105469,99.16999816894531,99.23999786376953,99.23999786376953,1267700,SONY,-0.26000213623046875,0.3300018310546875
2021-02-03,108.30000305175781,112.29000091552734,106.95999908447266,111.30999755859375,111.30999755859375,3026200,SONY,3.0099945068359375,3.9899978637695312
2021-02-04,110.9800033569336,111.1500015258789,109.01000213623047,110.87999725341797,110.87999725341797,1382400,SONY,-0.100006103515625,0.1699981689453125
2021-02-05,118.02999877929688,118.5,115.23999786376953,116.70999908447266,116.70999908447266,2026500,SONY,-1.3199996948242188,0.470001220703125
2021-02-08,114.36000061035156,115.63999938964844,114.36000061035156,115.62000274658203,115.62000274658203,1067800,SONY,1.2600021362304688,1.279998779296875
2021-02-09,112.56999969482422,113.43000030517578,111.98999786376953,112.63999938964844,112.63999938964844,1014300,SONY,0.06999969482421875,0.8600006103515625
2021-02-10,114.5,114.5,112.27999877929688,113.30999755859375,113.30999755859375,606400,SONY,-1.19000244140625,0.0
2021-02-11,114.0199966430664,114.73999786376953,113.44000244140625,113.97000122070312,113.97000122070312,470300,SONY,-0.04999542236328125,0.720001220703125
2021-02-12,112.80999755859375,113.62000274658203,112.79000091552734,113.52999877929688,113.52999877929688,557700,SONY,0.720001220703125,0.8100051879882812
2021-02-16,115.8499984741211,115.9000015258789,114.41999816894531,114.97000122070312,114.97000122070312,849400,SONY,-0.8799972534179688,0.0500030517578125
2021-02-17,115.30999755859375,115.30999755859375,113.86000061035156,114.91999816894531,114.91999816894531,592200,SONY,-0.3899993896484375,0.0
2021-02-18,113.25,113.87000274658203,112.43000030517578,113.5199966430664,113.5199966430664,567200,SONY,0.26999664306640625,0.6200027465820312
2021-02-19,114.01000213623047,117.80999755859375,113.91000366210938,115.54000091552734,115.54000091552734,1988600,SONY,1.529998779296875,3.7999954223632812
2021-02-22,113.52999877929688,114.91000366210938,113.02999877929688,113.27999877929688,113.27999877929688,1096400,SONY,-0.25,1.3800048828125
2021-02-23,110.97000122070312,112.86000061035156,109.54000091552734,112.43000030517578,112.43000030517578,1067300,SONY,1.4599990844726562,1.8899993896484375
2021-02-24,108.31999969482422,109.97000122070312,108.11000061035156,109.5999984741211,109.5999984741211,1474800,SONY,1.279998779296875,1.6500015258789062
2021-02-25,108.7300033569336,109.08999633789062,106.8499984741211,107.08000183105469,107.08000183105469,1338000,SONY,-1.6500015258789062,0.35999298095703125
2021-02-26,106.93000030517578,106.98999786376953,105.37000274658203,105.80999755859375,105.80999755859375,1002900,SONY,-1.1200027465820312,0.05999755859375
2021-03-01,107.33000183105469,108.55999755859375,106.8499984741211,108.08000183105469,108.08000183105469,935600,SONY,0.75,1.2299957275390625
2021-03-02,107.18000030517578,107.26000213623047,105.75,105.7699966430664,105.7699966430664,1082500,SONY,-1.410003662109375,0.0800018310546875
2021-03-03,106.41000366210938,106.56999969482422,104.5,104.5199966430664,104.5199966430664,1052700,SONY,-1.8900070190429688,0.15999603271484375
2021-03-04,103.30999755859375,104.0199966430664,100.7300033569336,101.83999633789062,101.83999633789062,1642500,SONY,-1.470001220703125,0.7099990844726562
2021-03-05,103.61000061035156,104.25,101.27999877929688,104.13999938964844,104.13999938964844,1053900,SONY,0.529998779296875,0.6399993896484375
2021-03-08,102.33999633789062,103.0,100.19999694824219,100.25,100.25,1242600,SONY,-2.089996337890625,0.660003662109375
2021-03-09,100.25,101.98999786376953,100.08999633789062,101.5199966430664,101.5199966430664,1288500,SONY,1.2699966430664062,1.7399978637695312
2021-03-10,102.47000122070312,102.69000244140625,100.51000213623047,100.98999786376953,100.98999786376953,1073400,SONY,-1.4800033569335938,0.220001220703125
2021-03-11,102.27999877929688,103.6500015258789,101.7699966430664,103.19999694824219,103.19999694824219,915500,SONY,0.9199981689453125,1.3700027465820312
2021-03-12,103.16999816894531,104.58999633789062,102.51000213623047,104.55999755859375,104.55999755859375,870100,SONY,1.3899993896484375,1.4199981689453125
2021-03-15,104.87999725341797,105.44000244140625,104.16999816894531,105.38999938964844,105.38999938964844,875500,SONY,0.5100021362304688,0.5600051879882812
2021-03-16,106.23999786376953,107.25,106.1500015258789,106.55999755859375,106.55999755859375,823900,SONY,0.31999969482421875,1.0100021362304688
2021-03-17,105.7699966430664,106.30000305175781,104.7699966430664,105.93000030517578,105.93000030517578,719100,SONY,0.160003662109375,0.5300064086914062
2021-03-18,105.94000244140625,106.12999725341797,104.94000244140625,105.33999633789062,105.33999633789062,860600,SONY,-0.600006103515625,0.18999481201171875
2021-03-19,105.80999755859375,105.80999755859375,104.51000213623047,105.26000213623047,105.26000213623047,622700,SONY,-0.5499954223632812,0.0
2021-03-22,106.0,107.41999816894531,105.51000213623047,106.88999938964844,106.88999938964844,2082100,SONY,0.8899993896484375,1.4199981689453125
2021-03-23,106.33000183105469,106.93000030517578,105.01000213623047,105.11000061035156,105.11000061035156,761200,SONY,-1.220001220703125,0.5999984741210938
2021-03-24,104.80999755859375,104.80999755859375,102.30999755859375,102.3499984741211,102.3499984741211,1270700,SONY,-2.4599990844726562,0.0
2021-03-25,102.36000061035156,102.94000244140625,101.45999908447266,102.6500015258789,102.6500015258789,971200,SONY,0.29000091552734375,0.5800018310546875
2021-03-26,104.16000366210938,105.5,104.0999984741211,105.41999816894531,105.41999816894531,823900,SONY,1.2599945068359375,1.339996337890625
2021-03-29,105.9000015258789,107.04000091552734,105.04000091552734,106.5999984741211,106.5999984741211,817100,SONY,0.6999969482421875,1.1399993896484375
2021-03-30,104.33000183105469,104.9000015258789,103.72000122070312,104.51000213623047,104.51000213623047,695100,SONY,0.18000030517578125,0.5699996948242188
2021-03-31,105.55999755859375,106.80000305175781,105.26000213623047,106.01000213623047,106.01000213623047,597500,SONY,0.45000457763671875,1.2400054931640625
2021-04-01,106.55999755859375,107.12000274658203,105.51000213623047,106.86000061035156,106.86000061035156,450100,SONY,0.3000030517578125,0.5600051879882812
2021-04-05,110.80000305175781,111.83999633789062,109.81999969482422,111.38999938964844,111.38999938964844,832400,SONY,0.589996337890625,1.0399932861328125
2021-04-06,110.12000274658203,110.27999877929688,109.33000183105469,109.9000015258789,109.9000015258789,439100,SONY,-0.220001220703125,0.15999603271484375
2021-04-07,110.55000305175781,111.33999633789062,109.63999938964844,110.86000061035156,110.86000061035156,489300,SONY,0.30999755859375,0.7899932861328125
2021-04-08,109.30000305175781,109.95999908447266,109.0,109.81999969482422,109.81999969482422,562500,SONY,0.5199966430664062,0.6599960327148438
2021-04-09,111.51000213623047,112.05999755859375,110.51000213623047,111.79000091552734,111.79000091552734,823200,SONY,0.279998779296875,0.5499954223632812
2021-04-12,111.48999786376953,112.30000305175781,111.12999725341797,111.38999938964844,111.38999938964844,444700,SONY,-0.09999847412109375,0.8100051879882812
2021-04-13,111.9800033569336,112.36000061035156,111.47000122070312,111.87999725341797,111.87999725341797,534800,SONY,-0.100006103515625,0.37999725341796875
2021-04-14,112.48999786376953,112.80999755859375,111.70999908447266,111.77999877929688,111.77999877929688,410800,SONY,-0.7099990844726562,0.31999969482421875
2021-04-15,112.75,113.5,112.12000274658203,112.7699966430664,112.7699966430664,508200,SONY,0.01999664306640625,0.75
2021-04-16,111.6500015258789,111.66999816894531,110.70999908447266,111.0999984741211,111.0999984741211,642400,SONY,-0.5500030517578125,0.01999664306640625
2021-04-19,111.05000305175781,111.23999786376953,109.41000366210938,109.9800033569336,109.9800033569336,413700,SONY,-1.0699996948242188,0.18999481201171875
2021-04-20,109.6500015258789,110.0999984741211,108.0,108.61000061035156,108.61000061035156,489100,SONY,-1.0400009155273438,0.4499969482421875
2021-04-21,107.2300033569336,108.58999633789062,106.69999694824219,108.44000244140625,108.44000244140625,559200,SONY,1.2099990844726562,1.3599929809570312
2021-04-22,109.02999877929688,110.05000305175781,108.54000091552734,108.94000244140625,108.94000244140625,906500,SONY,-0.089996337890625,1.0200042724609375
2021-04-23,109.79000091552734,110.33000183105469,109.38999938964844,109.94000244140625,109.94000244140625,428500,SONY,0.15000152587890625,0.5400009155273438
2021-04-26,109.0,109.69999694824219,108.8499984741211,108.91999816894531,108.91999816894531,536900,SONY,-0.0800018310546875,0.6999969482421875
2021-04-27,106.5,107.69999694824219,105.36000061035156,106.66999816894531,106.66999816894531,1559200,SONY,0.1699981689453125,1.1999969482421875
2021-04-28,106.4000015258789,106.41999816894531,103.12999725341797,104.48999786376953,104.48999786376953,1735200,SONY,-1.910003662109375,0.01999664306640625
2021-04-29,105.41999816894531,105.48999786376953,104.11000061035156,104.8499984741211,104.8499984741211,908800,SONY,-0.5699996948242188,0.06999969482421875
2020-12-01,127.58000183105469,128.0,125.66000366210938,127.23999786376953,126.78067779541016,2826200,EA,-0.34000396728515625,0.4199981689453125
2020-12-02,127.02999877929688,129.75,126.4800033569336,129.5399932861328,129.07237243652344,1905700,EA,2.5099945068359375,2.720001220703125
2020-12-03,130.5,130.8699951171875,128.17999267578125,128.3800048828125,127.91656494140625,2352200,EA,-2.1199951171875,0.3699951171875
2020-12-04,126.41999816894531,129.14999389648438,126.25,128.69000244140625,128.22543334960938,2743100,EA,2.2700042724609375,2.7299957275390625
2020-12-07,129.19000244140625,130.97999572753906,128.8800048828125,130.83999633789062,130.36767578125,2671200,EA,1.649993896484375,1.7899932861328125
2020-12-08,130.42999267578125,132.5399932861328,129.72000122070312,132.14999389648438,131.67295837402344,2835800,EA,1.720001220703125,2.1100006103515625
2020-12-09,131.55999755859375,133.6300048828125,130.83999633789062,133.1699981689453,132.68927001953125,4229400,EA,1.6100006103515625,2.07000732421875
2020-12-10,131.66000366210938,135.3699951171875,131.25,134.67999267578125,134.1938018798828,2903800,EA,3.019989013671875,3.709991455078125
2020-12-11,134.77999877929688,137.11000061035156,134.6300048828125,135.8000030517578,135.3097686767578,3195700,EA,1.0200042724609375,2.3300018310546875
2020-12-14,138.5,138.58999633789062,136.60000610351562,137.5399932861328,137.04348754882812,3356900,EA,-0.9600067138671875,0.089996337890625
2020-12-15,137.80999755859375,140.8000030517578,137.11000061035156,140.66000366210938,140.15223693847656,3394600,EA,2.850006103515625,2.9900054931640625
2020-12-16,139.5,143.4499969482422,139.3300018310547,141.60000610351562,141.08885192871094,4029200,EA,2.100006103515625,3.9499969482421875
2020-12-17,141.9499969482422,142.5,138.32000732421875,139.85000610351562,139.3451690673828,3625700,EA,-2.0999908447265625,0.5500030517578125
2020-12-18,140.66000366210938,142.97000122070312,139.5800018310547,142.61000061035156,142.09519958496094,4874000,EA,1.9499969482421875,2.30999755859375
2020-12-21,141.6300048828125,142.3699951171875,138.97000122070312,141.00999450683594,140.50096130371094,2631100,EA,-0.6200103759765625,0.739990234375
2020-12-22,141.24000549316406,141.72000122070312,138.69000244140625,139.42999267578125,138.92666625976562,2102900,EA,-1.8100128173828125,0.4799957275390625
2020-12-23,139.52000427246094,142.38999938964844,138.6300048828125,141.50999450683594,140.99916076660156,1762400,EA,1.989990234375,2.8699951171875
2020-12-24,141.32000732421875,142.1999969482422,140.77999877929688,141.80999755859375,141.29808044433594,688100,EA,0.489990234375,0.8799896240234375
2020-12-28,142.3300018310547,142.5500030517578,138.77999877929688,140.72000122070312,140.21202087402344,1756100,EA,-1.6100006103515625,0.220001220703125
2020-12-29,141.0,142.1300048828125,140.27999877929688,140.6999969482422,140.1920928955078,1188400,EA,-0.3000030517578125,1.1300048828125
2020-12-30,141.38999938964844,142.6300048828125,140.88999938964844,142.0500030517578,141.53721618652344,1684500,EA,0.660003662109375,1.2400054931640625
2020-12-31,141.91000366210938,143.86000061035156,141.91000366210938,143.60000610351562,143.0816192626953,1689900,EA,1.69000244140625,1.9499969482421875
2021-01-04,143.44000244140625,143.64999389648438,138.16000366210938,139.50999450683594,139.00637817382812,3587000,EA,-3.9300079345703125,0.209991455078125
2021-01-05,140.22999572753906,141.39999389648438,138.49000549316406,141.32000732421875,140.80984497070312,2117800,EA,1.0900115966796875,1.1699981689453125
2021-01-06,138.52000427246094,140.1999969482422,136.38999938964844,136.8000030517578,136.30615234375,2398500,EA,-1.720001220703125,1.67999267578125
2021-01-07,137.3300018310547,140.8699951171875,137.0,140.74000549316406,140.23194885253906,2936200,EA,3.410003662109375,3.5399932861328125
2021-01-08,140.86000061035156,142.0,139.92999267578125,141.86000061035156,141.347900390625,1902700,EA,1.0,1.1399993896484375
2021-01-11,141.52000427246094,141.72000122070312,139.30999755859375,141.22000122070312,140.71022033691406,2589800,EA,-0.3000030517578125,0.1999969482421875
2021-01-12,141.08999633789062,141.8000030517578,137.3000030517578,139.05999755859375,138.55801391601562,2166700,EA,-2.029998779296875,0.7100067138671875
2021-01-13,138.57000732421875,138.9499969482422,134.6300048828125,136.33999633789062,135.8478240966797,3696500,EA,-2.230010986328125,0.3799896240234375
2021-01-14,136.8300018310547,139.3800048828125,136.1300048828125,138.94000244140625,138.43844604492188,3511800,EA,2.1100006103515625,2.5500030517578125
2021-01-15,139.25999450683594,140.66000366210938,137.91000366210938,139.0,138.49822998046875,2443700,EA,-0.2599945068359375,1.4000091552734375
2021-01-19,139.41000366210938,143.0,138.0,141.42999267578125,140.91944885253906,2693300,EA,2.019989013671875,3.589996337890625
2021-01-20,142.42999267578125,145.9199981689453,141.7899932861328,145.60000610351562,145.07440185546875,3288400,EA,3.170013427734375,3.4900054931640625
2021-01-21,145.61000061035156,147.27999877929688,144.74000549316406,145.97000122070312,145.44305419921875,3014000,EA,0.3600006103515625,1.6699981689453125
2021-01-22,144.97999572753906,146.47999572753906,144.50999450683594,146.0,145.47296142578125,3369200,EA,1.0200042724609375,1.5
2021-01-25,148.80999755859375,150.3000030517578,145.3800048828125,146.3000030517578,145.77188110351562,3728600,EA,-2.5099945068359375,1.4900054931640625
2021-01-26,146.36000061035156,146.9600067138672,145.19000244140625,146.3000030517578,145.77188110351562,3660300,EA,-0.05999755859375,0.600006103515625
2021-01-27,145.8300018310547,148.92999267578125,144.5399932861328,146.22999572753906,145.70211791992188,4368100,EA,0.399993896484375,3.0999908447265625
2021-01-28,146.1999969482422,146.6300048828125,142.89999389648438,143.00999450683594,142.4937286376953,3276700,EA,-3.19000244140625,0.4300079345703125
2021-01-29,141.0,144.57000732421875,140.47000122070312,143.1999969482422,142.6830596923828,3665400,EA,2.1999969482421875,3.57000732421875
2021-02-01,143.7899932861328,147.2899932861328,143.52999877929688,145.8699951171875,145.34341430664062,4123100,EA,2.0800018310546875,3.5
2021-02-02,146.14999389648438,150.3000030517578,146.14999389648438,148.97000122070312,148.43223571777344,4185700,EA,2.82000732421875,4.1500091552734375
2021-02-03,144.36000061035156,144.61000061035156,138.0399932861328,140.82000732421875,140.31166076660156,6695600,EA,-3.5399932861328125,0.25
2021-02-04,140.55999755859375,142.14999389648438,137.75999450683594,138.6300048828125,138.1295623779297,3930200,EA,-1.92999267578125,1.589996337890625
2021-02-05,139.91000366210938,142.47000122070312,139.3000030517578,141.22000122070312,140.71022033691406,3899200,EA,1.30999755859375,2.55999755859375
2021-02-08,142.0,142.49000549316406,139.33999633789062,142.4600067138672,141.94573974609375,2538400,EA,0.4600067138671875,0.4900054931640625
2021-02-09,142.57000732421875,148.22999572753906,142.42999267578125,146.11000061035156,145.58255004882812,4517900,EA,3.5399932861328125,5.6599884033203125
2021-02-10,146.9499969482422,147.41000366210938,144.1199951171875,144.61000061035156,144.0879669189453,2827100,EA,-2.339996337890625,0.4600067138671875
2021-02-11,145.3300018310547,147.94000244140625,144.61000061035156,147.3300018310547,146.7981719970703,2592700,EA,2.0,2.6100006103515625
2021-02-12,146.82000732421875,147.83999633789062,145.0399932861328,147.74000549316406,147.20668029785156,1666100,EA,0.9199981689453125,1.019989013671875
2021-02-16,146.85000610351562,147.91000366210938,144.6199951171875,145.77999877929688,145.2537384033203,2526400,EA,-1.07000732421875,1.05999755859375
2021-02-17,145.07000732421875,146.02999877929688,143.3699951171875,145.8300018310547,145.30355834960938,1653900,EA,0.7599945068359375,0.959991455078125
2021-02-18,146.0500030517578,148.41000366210938,144.17999267578125,147.41000366210938,146.8778533935547,2087500,EA,1.3600006103515625,2.3600006103515625
2021-02-19,147.67999267578125,148.97999572753906,145.44000244140625,145.9499969482422,145.4231414794922,2144000,EA,-1.7299957275390625,1.3000030517578125
2021-02-22,144.66000366210938,145.39999389648438,142.0,142.25999450683594,141.74644470214844,1833100,EA,-2.4000091552734375,0.739990234375
2021-02-23,140.22999572753906,141.97000122070312,136.19000244140625,141.1699981689453,140.660400390625,2787000,EA,0.94000244140625,1.7400054931640625
2021-02-24,138.3000030517578,139.6199951171875,136.92999267578125,137.67999267578125,137.1829833984375,3735500,EA,-0.6200103759765625,1.3199920654296875
2021-02-25,137.25,138.9600067138672,134.10000610351562,135.24000549316406,134.75181579589844,3042600,EA,-2.0099945068359375,1.7100067138671875
2021-02-26,135.7100067138672,137.8300018310547,133.91000366210938,133.97000122070312,133.4863739013672,3646600,EA,-1.7400054931640625,2.1199951171875
2021-03-01,134.83999633789062,137.86000061035156,134.75999450683594,137.27000427246094,136.77447509765625,2867400,EA,2.4300079345703125,3.0200042724609375
2021-03-02,137.14999389648438,138.27999877929688,135.60000610351562,136.82000732421875,136.49514770507812,2720500,EA,-0.329986572265625,1.1300048828125
2021-03-03,135.92999267578125,136.75,132.72000122070312,133.0500030517578,132.7340850830078,2778500,EA,-2.8799896240234375,0.82000732421875
2021-03-04,132.57000732421875,134.77000427246094,130.50999450683594,131.2899932861328,130.97825622558594,2938300,EA,-1.2800140380859375,2.1999969482421875
2021-03-05,131.52999877929688,132.92999267578125,129.50999450683594,132.60000610351562,132.28515625,2511000,EA,1.07000732421875,1.399993896484375
2021-03-08,131.99000549316406,132.52000427246094,127.16999816894531,127.20999908447266,126.90795135498047,2182200,EA,-4.780006408691406,0.529998779296875
2021-03-09,130.24000549316406,133.0399932861328,129.97000122070312,130.92999267578125,130.61911010742188,2936700,EA,0.6899871826171875,2.79998779296875
2021-03-10,132.63999938964844,132.63999938964844,129.80999755859375,130.1199951171875,129.81103515625,1842300,EA,-2.5200042724609375,0.0
2021-03-11,132.4600067138672,132.80999755859375,131.0,131.33999633789062,131.02813720703125,2218100,EA,-1.1200103759765625,0.3499908447265625
2021-03-12,129.92999267578125,131.0,129.2100067138672,130.49000549316406,130.18016052246094,1327700,EA,0.5600128173828125,1.07000732421875
2021-03-15,130.44000244140625,130.94000244140625,129.13999938964844,130.88999938964844,130.57920837402344,2181700,EA,0.4499969482421875,0.5
2021-03-16,132.4600067138672,133.6999969482422,131.5,131.74000549316406,131.4272003173828,2281000,EA,-0.720001220703125,1.239990234375
2021-03-17,131.25,131.25,128.75,130.60000610351562,130.28990173339844,2398600,EA,-0.649993896484375,0.0
2021-03-18,130.0399932861328,130.5800018310547,127.29000091552734,128.0,127.69607543945312,3482500,EA,-2.0399932861328125,0.540008544921875
2021-03-19,128.52000427246094,129.80999755859375,127.9800033569336,128.39999389648438,128.09510803222656,4191400,EA,-0.1200103759765625,1.2899932861328125
2021-03-22,129.41000366210938,132.4600067138672,128.60000610351562,131.41000366210938,131.0979766845703,3153600,EA,2.0,3.0500030517578125
2021-03-23,131.5399932861328,134.47999572753906,131.0399932861328,133.0500030517578,132.7340850830078,2521200,EA,1.510009765625,2.94000244140625
2021-03-24,132.97000122070312,133.30999755859375,129.7100067138672,129.8000030517578,129.49180603027344,2165800,EA,-3.1699981689453125,0.339996337890625
2021-03-25,129.05999755859375,130.42999267578125,128.1699981689453,130.02999877929688,129.72125244140625,1956600,EA,0.970001220703125,1.3699951171875
2021-03-26,130.24000549316406,133.0,129.67999267578125,132.85000610351562,132.53456115722656,2229500,EA,2.6100006103515625,2.7599945068359375
2021-03-29,132.50999450683594,136.00999450683594,131.52999877929688,134.97000122070312,134.6495361328125,2366900,EA,2.4600067138671875,3.5
2021-03-30,133.41000366210938,134.50999450683594,132.44000244140625,134.42999267578125,134.11080932617188,1952000,EA,1.019989013671875,1.0999908447265625
2021-03-31,134.7100067138672,136.6699981689453,134.27000427246094,135.3699951171875,135.04856872558594,2305100,EA,0.6599884033203125,1.959991455078125
2021-04-01,136.72999572753906,138.4199981689453,136.27999877929688,137.9600067138672,137.63243103027344,1724900,EA,1.230010986328125,1.69000244140625
2021-04-05,137.50999450683594,141.75,137.27000427246094,141.5399932861328,141.20391845703125,2424400,EA,4.029998779296875,4.2400054931640625
2021-04-06,141.08999633789062,142.4199981689453,140.39999389648438,141.27999877929688,140.9445343017578,2129800,EA,0.19000244140625,1.3300018310546875
2021-04-07,141.3000030517578,142.77000427246094,140.75999450683594,142.00999450683594,141.6728057861328,1910200,EA,0.709991455078125,1.470001220703125
2021-04-08,142.83999633789062,143.22999572753906,140.69000244140625,141.5500030517578,141.21389770507812,1776000,EA,-1.2899932861328125,0.3899993896484375
2021-04-09,140.60000610351562,140.72999572753906,138.44000244140625,140.4600067138672,140.12649536132812,1765500,EA,-0.1399993896484375,0.1299896240234375
2021-04-12,139.4199981689453,141.69000244140625,139.3300018310547,141.4499969482422,141.1141357421875,2058100,EA,2.029998779296875,2.2700042724609375
2021-04-13,142.58999633789062,143.8800048828125,141.4499969482422,142.11000061035156,141.77256774902344,2105300,EA,-0.4799957275390625,1.290008544921875
2021-04-14,141.9199981689453,143.0500030517578,141.27000427246094,141.61000061035156,141.2737579345703,1424900,EA,-0.30999755859375,1.1300048828125
2021-04-15,141.61000061035156,142.97000122070312,140.6199951171875,142.77000427246094,142.43099975585938,1654300,EA,1.160003662109375,1.3600006103515625
2021-04-16,142.11000061035156,142.41000366210938,140.27000427246094,141.0500030517578,140.715087890625,2468400,EA,-1.05999755859375,0.3000030517578125
2021-04-19,140.0,141.35000610351562,138.75,139.6300048828125,139.2984619140625,2856300,EA,-0.3699951171875,1.350006103515625
2021-04-20,139.60000610351562,141.75,138.8300018310547,140.86000061035156,140.52554321289062,2058300,EA,1.2599945068359375,2.149993896484375
2021-04-21,140.30999755859375,141.1999969482422,139.08999633789062,141.0399932861328,140.70510864257812,1576700,EA,0.7299957275390625,0.8899993896484375
2021-04-22,141.11000061035156,143.27000427246094,140.4199981689453,141.25999450683594,140.92457580566406,2498500,EA,0.149993896484375,2.160003662109375
2021-04-23,142.52000427246094,143.60000610351562,140.83999633789062,143.13999938964844,142.8001251220703,2365300,EA,0.6199951171875,1.0800018310546875
2021-04-26,143.6300048828125,145.38999938964844,143.0399932861328,143.7899932861328,143.44857788085938,1749200,EA,0.1599884033203125,1.7599945068359375
2021-04-27,144.36000061035156,144.42999267578125,142.5,143.4600067138672,143.11936950683594,2159500,EA,-0.899993896484375,0.0699920654296875
2021-04-28,144.08999633789062,144.9499969482422,143.32000732421875,143.99000549316406,143.64810180664062,1453500,EA,-0.0999908447265625,0.8600006103515625
2021-04-29,144.3000030517578,146.72000122070312,143.49000549316406,146.33999633789062,145.9925079345703,1698700,EA,2.0399932861328125,2.4199981689453125
2020-12-01,4.429999828338623,4.429999828338623,4.090000152587891,4.150000095367432,4.150000095367432,12130100,AMC,-0.2799997329711914,0.0
2020-12-02,4.079999923706055,4.340000152587891,3.950000047683716,4.320000171661377,4.320000171661377,11847600,AMC,0.24000024795532227,0.26000022888183594
2020-12-03,4.010000228881836,4.21999979019165,3.5,3.630000114440918,3.630000114440918,66080900,AMC,-0.38000011444091797,0.20999956130981445
2020-12-04,3.75,3.759999990463257,3.299999952316284,3.509999990463257,3.509999990463257,33157300,AMC,-0.24000000953674316,0.009999990463256836
2020-12-07,3.450000047683716,3.740000009536743,3.3299999237060547,3.559999942779541,3.559999942779541,20503900,AMC,0.1099998950958252,0.28999996185302734
2020-12-08,3.609999895095825,4.019999980926514,3.609999895095825,3.9800000190734863,3.9800000190734863,29530600,AMC,0.37000012397766113,0.4100000858306885
2020-12-09,4.21999979019165,4.329999923706055,3.75,3.859999895095825,3.859999895095825,20991200,AMC,-0.3599998950958252,0.1100001335144043
2020-12-10,3.7899999618530273,4.099999904632568,3.7699999809265137,4.090000152587891,4.090000152587891,19872800,AMC,0.3000001907348633,0.309999942779541
2020-12-11,4.039999961853027,4.25,3.869999885559082,3.9200000762939453,3.9200000762939453,22310400,AMC,-0.11999988555908203,0.21000003814697266
2020-12-14,4.010000228881836,4.010000228881836,3.0,3.190000057220459,3.190000057220459,67159000,AMC,-0.820000171661377,0.0
2020-12-15,3.240000009536743,3.240000009536743,2.759999990463257,2.859999895095825,2.859999895095825,54432100,AMC,-0.38000011444091797,0.0
2020-12-16,2.869999885559082,2.890000104904175,2.7200000286102295,2.7799999713897705,2.7799999713897705,25423200,AMC,-0.08999991416931152,0.020000219345092773
2020-12-17,2.799999952316284,2.950000047683716,2.740000009536743,2.8499999046325684,2.8499999046325684,23799300,AMC,0.04999995231628418,0.15000009536743164
2020-12-18,2.8499999046325684,2.8499999046325684,2.759999990463257,2.799999952316284,2.799999952316284,21941700,AMC,-0.04999995231628418,0.0
2020-12-21,2.609999895095825,2.740000009536743,2.5799999237060547,2.680000066757202,2.680000066757202,22699800,AMC,0.07000017166137695,0.13000011444091797
2020-12-22,2.7300000190734863,2.75,2.5199999809265137,2.5899999141693115,2.5899999141693115,21638400,AMC,-0.1400001049041748,0.019999980926513672
2020-12-23,2.5799999237060547,2.6500000953674316,2.5399999618530273,2.559999942779541,2.559999942779541,15724800,AMC,-0.019999980926513672,0.07000017166137695
2020-12-24,2.5899999141693115,2.5999999046325684,2.4800000190734863,2.509999990463257,2.509999990463257,11094200,AMC,-0.07999992370605469,0.009999990463256836
2020-12-28,2.630000114440918,2.630000114440918,2.359999895095825,2.390000104904175,2.390000104904175,23942700,AMC,-0.24000000953674316,0.0
2020-12-29,2.440000057220459,2.4600000381469727,2.2799999713897705,2.2899999618530273,2.2899999618530273,21086100,AMC,-0.15000009536743164,0.019999980926513672
2020-12-30,2.299999952316284,2.299999952316284,2.130000114440918,2.1600000858306885,2.1600000858306885,40278400,AMC,-0.1399998664855957,0.0
2020-12-31,2.1700000762939453,2.2200000286102295,2.0799999237060547,2.119999885559082,2.119999885559082,28234300,AMC,-0.05000019073486328,0.04999995231628418
2021-01-04,2.200000047683716,2.200000047683716,2.0,2.009999990463257,2.009999990463257,29873800,AMC,-0.19000005722045898,0.0
2021-01-05,1.9900000095367432,2.0299999713897705,1.909999966621399,1.9800000190734863,1.9800000190734863,28148300,AMC,-0.009999990463256836,0.039999961853027344
2021-01-06,2.0299999713897705,2.2300000190734863,1.9700000286102295,2.009999990463257,2.009999990463257,67363300,AMC,-0.019999980926513672,0.20000004768371582
2021-01-07,2.0799999237060547,2.109999895095825,2.0199999809265137,2.049999952316284,2.049999952316284,26150500,AMC,-0.029999971389770508,0.029999971389770508
2021-01-08,2.0899999141693115,2.2100000381469727,2.069999933242798,2.140000104904175,2.140000104904175,39553300,AMC,0.05000019073486328,0.12000012397766113
2021-01-11,2.1600000858306885,2.2699999809265137,2.1500000953674316,2.200000047683716,2.200000047683716,41695800,AMC,0.039999961853027344,0.1099998950958252
2021-01-12,2.240000009536743,2.390000104904175,2.240000009536743,2.2899999618530273,2.2899999618530273,41549200,AMC,0.04999995231628418,0.15000009536743164
2021-01-13,2.3299999237060547,2.380000114440918,2.130000114440918,2.180000066757202,2.180000066757202,45847700,AMC,-0.14999985694885254,0.05000019073486328
2021-01-14,2.2200000286102295,2.319999933242798,2.130000114440918,2.180000066757202,2.180000066757202,49638800,AMC,-0.039999961853027344,0.09999990463256836
2021-01-15,2.200000047683716,2.549999952316284,2.180000066757202,2.3299999237060547,2.3299999237060547,162356400,AMC,0.12999987602233887,0.34999990463256836
2021-01-19,2.799999952316284,3.200000047683716,2.569999933242798,3.059999942779541,3.059999942779541,256276000,AMC,0.25999999046325684,0.40000009536743164
2021-01-20,3.2899999618530273,3.3399999141693115,2.75,2.9700000286102295,2.9700000286102295,181862200,AMC,-0.31999993324279785,0.04999995231628418
2021-01-21,3.0,3.059999942779541,2.8499999046325684,2.9800000190734863,2.9800000190734863,64823800,AMC,-0.019999980926513672,0.059999942779541016
2021-01-22,2.9100000858306885,3.740000009536743,2.809999942779541,3.509999990463257,3.509999990463257,268273400,AMC,0.5999999046325684,0.8299999237060547
2021-01-25,4.710000038146973,4.880000114440918,3.8499999046325684,4.420000076293945,4.420000076293945,443238100,AMC,-0.28999996185302734,0.1700000762939453
2021-01-26,5.090000152587891,5.190000057220459,4.369999885559082,4.960000038146973,4.960000038146973,456850200,AMC,-0.13000011444091797,0.09999990463256836
2021-01-27,20.34000015258789,20.360000610351562,11.010000228881836,19.899999618530273,19.899999618530273,1222342500,AMC,-0.4400005340576172,0.020000457763671875
2021-01-28,11.979999542236328,16.5,6.510000228881836,8.630000114440918,8.630000114440918,591223900,AMC,-3.34999942779541,4.520000457763672
2021-01-29,14.3100004196167,16.0,11.600000381469727,13.260000228881836,13.260000228881836,602193300,AMC,-1.0500001907348633,1.6899995803833008
2021-02-01,17.0,17.25,12.90999984741211,13.300000190734863,13.300000190734863,434608000,AMC,-3.6999998092651367,0.25
2021-02-02,9.479999542236328,10.100000381469727,6.0,7.820000171661377,7.820000171661377,462775900,AMC,-1.6599993705749512,0.6200008392333984
2021-02-03,8.850000381469727,9.770000457763672,7.889999866485596,8.970000267028809,8.970000267028809,221405100,AMC,0.11999988555908203,0.9200000762939453
2021-02-04,8.699999809265137,8.739999771118164,7.0,7.090000152587891,7.090000152587891,162985800,AMC,-1.609999656677246,0.039999961853027344
2021-02-05,7.170000076293945,8.270000457763672,6.519999980926514,6.829999923706055,6.829999923706055,197097600,AMC,-0.3400001525878906,1.1000003814697266
2021-02-08,6.880000114440918,6.889999866485596,5.75,6.179999828338623,6.179999828338623,128171500,AMC,-0.7000002861022949,0.009999752044677734
2021-02-09,5.809999942779541,5.809999942779541,5.260000228881836,5.5,5.5,102588100,AMC,-0.309999942779541,0.0
2021-02-10,5.710000038146973,6.590000152587891,5.449999809265137,5.800000190734863,5.800000190734863,152810800,AMC,0.09000015258789062,0.880000114440918
2021-02-11,5.619999885559082,5.849999904632568,5.46999979019165,5.610000133514404,5.610000133514404,55920400,AMC,-0.009999752044677734,0.23000001907348633
2021-02-12,5.71999979019165,5.96999979019165,5.519999980926514,5.590000152587891,5.590000152587891,46773000,AMC,-0.12999963760375977,0.25
2021-02-16,6.03000020980835,6.050000190734863,5.489999771118164,5.650000095367432,5.650000095367432,61165700,AMC,-0.38000011444091797,0.019999980926513672
2021-02-17,5.579999923706055,5.619999885559082,5.320000171661377,5.550000190734863,5.550000190734863,38849000,AMC,-0.029999732971191406,0.039999961853027344
2021-02-18,5.840000152587891,6.25,5.460000038146973,5.510000228881836,5.510000228881836,130540800,AMC,-0.3299999237060547,0.4099998474121094
2021-02-19,5.539999961853027,5.769999980926514,5.510000228881836,5.699999809265137,5.699999809265137,40249100,AMC,0.15999984741210938,0.23000001907348633
2021-02-22,5.929999828338623,6.679999828338623,5.75,6.550000190734863,6.550000190734863,173409000,AMC,0.6200003623962402,0.75
2021-02-23,6.96999979019165,7.860000133514404,6.010000228881836,7.699999809265137,7.699999809265137,264876400,AMC,0.7300000190734863,0.8900003433227539
2021-02-24,7.230000019073486,9.829999923706055,6.989999771118164,9.09000015258789,9.09000015258789,376881800,AMC,1.8600001335144043,2.5999999046325684
2021-02-25,10.890000343322754,11.0,7.849999904632568,8.289999961853027,8.289999961853027,445717400,AMC,-2.6000003814697266,0.1099996566772461
2021-02-26,8.1899995803833,9.010000228881836,7.630000114440918,8.010000228881836,8.010000228881836,137028000,AMC,-0.17999935150146484,0.8200006484985352
2021-03-01,8.859999656677246,9.449999809265137,8.420000076293945,9.180000305175781,9.180000305175781,143586500,AMC,0.32000064849853516,0.5900001525878906
2021-03-02,9.140000343322754,9.399999618530273,8.510000228881836,8.930000305175781,8.930000305175781,78135400,AMC,-0.21000003814697266,0.25999927520751953
2021-03-03,8.949999809265137,9.140000343322754,8.5,8.579999923706055,8.579999923706055,55651900,AMC,-0.36999988555908203,0.1900005340576172
2021-03-04,8.25,8.59000015258789,7.5,8.029999732971191,8.029999732971191,77822600,AMC,-0.2200002670288086,0.3400001525878906
2021-03-05,8.079999923706055,8.270000457763672,7.630000114440918,8.050000190734863,8.050000190734863,59734100,AMC,-0.029999732971191406,0.1900005340576172
2021-03-08,8.529999732971191,9.479999542236328,8.3100004196167,9.289999961853027,9.289999961853027,114343800,AMC,0.7600002288818359,0.9499998092651367
2021-03-09,9.380000114440918,10.770000457763672,9.220000267028809,10.5,10.5,150415600,AMC,1.119999885559082,1.390000343322754
2021-03-10,11.020000457763672,12.470000267028809,9.510000228881836,9.850000381469727,9.850000381469727,261918600,AMC,-1.1700000762939453,1.4499998092651367
2021-03-11,10.649999618530273,10.869999885559082,9.899999618530273,10.279999732971191,10.279999732971191,83933600,AMC,-0.36999988555908203,0.2200002670288086
2021-03-12,10.15999984741211,11.399999618530273,9.9399995803833,11.15999984741211,11.15999984741211,111146700,AMC,1.0,1.239999771118164
2021-03-15,12.180000305175781,14.489999771118164,11.850000381469727,14.039999961853027,14.039999961853027,277713300,AMC,1.859999656677246,2.309999465942383
2021-03-16,13.619999885559082,13.619999885559082,12.34000015258789,13.020000457763672,13.020000457763672,125967600,AMC,-0.5999994277954102,0.0
2021-03-17,13.239999771118164,13.65999984741211,13.0,13.5600004196167,13.5600004196167,78053600,AMC,0.32000064849853516,0.4200000762939453
2021-03-18,14.34000015258789,14.539999961853027,13.569999694824219,14.0,14.0,121418000,AMC,-0.3400001525878906,0.19999980926513672
2021-03-19,14.140000343322754,14.180000305175781,13.279999732971191,13.930000305175781,13.930000305175781,153206000,AMC,-0.21000003814697266,0.039999961853027344
2021-03-22,13.149999618530273,13.1899995803833,11.760000228881836,12.489999771118164,12.489999771118164,88760100,AMC,-0.6599998474121094,0.039999961853027344
2021-03-23,11.460000038146973,11.930000305175781,10.369999885559082,10.65999984741211,10.65999984741211,87923200,AMC,-0.8000001907348633,0.4700002670288086
2021-03-24,10.819999694824219,11.210000038146973,8.930000305175781,9.020000457763672,9.020000457763672,81850700,AMC,-1.7999992370605469,0.3900003433227539
2021-03-25,8.960000038146973,11.319999694824219,8.949999809265137,10.9399995803833,10.9399995803833,131192800,AMC,1.9799995422363281,2.359999656677246
2021-03-26,11.270000457763672,11.529999732971191,10.010000228881836,10.239999771118164,10.239999771118164,84633100,AMC,-1.0300006866455078,0.25999927520751953
2021-03-29,10.319999694824219,10.760000228881836,10.09000015258789,10.350000381469727,10.350000381469727,37330700,AMC,0.030000686645507812,0.4400005340576172
2021-03-30,10.3100004196167,10.520000457763672,9.760000228881836,10.350000381469727,10.350000381469727,39020500,AMC,0.039999961853027344,0.21000003814697266
2021-03-31,10.399999618530273,10.470000267028809,10.050000190734863,10.210000038146973,10.210000038146973,29832300,AMC,-0.18999958038330078,0.07000064849853516
2021-04-01,10.229999542236328,10.260000228881836,9.149999618530273,9.359999656677246,9.359999656677246,77473900,AMC,-0.869999885559082,0.030000686645507812
2021-04-05,10.100000381469727,11.25,9.720000267028809,10.609999656677246,10.609999656677246,96082300,AMC,0.5099992752075195,1.1499996185302734
2021-04-06,10.399999618530273,10.5,10.0,10.199999809265137,10.199999809265137,44067000,AMC,-0.19999980926513672,0.10000038146972656
2021-04-07,10.069999694824219,10.180000305175781,9.850000381469727,9.850000381469727,9.850000381469727,28804300,AMC,-0.2199993133544922,0.1100006103515625
2021-04-08,10.010000228881836,10.010000228881836,9.5,9.789999961853027,9.789999961853027,33408700,AMC,-0.2200002670288086,0.0
2021-04-09,9.600000381469727,9.739999771118164,9.239999771118164,9.420000076293945,9.420000076293945,29254600,AMC,-0.18000030517578125,0.1399993896484375
2021-04-12,9.4399995803833,9.489999771118164,8.510000228881836,8.619999885559082,8.619999885559082,51269800,AMC,-0.8199996948242188,0.05000019073486328
2021-04-13,8.65999984741211,9.119999885559082,8.3100004196167,8.84000015258789,8.84000015258789,44049100,AMC,0.18000030517578125,0.46000003814697266
2021-04-14,9.0,9.8100004196167,8.899999618530273,9.350000381469727,9.350000381469727,51166300,AMC,0.35000038146972656,0.8100004196166992
2021-04-15,9.880000114440918,10.229999542236328,9.579999923706055,9.899999618530273,9.899999618530273,45198900,AMC,0.01999950408935547,0.34999942779541016
2021-04-16,10.0,10.029999732971191,9.09000015258789,9.329999923706055,9.329999923706055,40696700,AMC,-0.6700000762939453,0.029999732971191406
2021-04-19,9.479999542236328,9.8100004196167,9.380000114440918,9.65999984741211,9.65999984741211,32814300,AMC,0.18000030517578125,0.3300008773803711
2021-04-20,9.699999809265137,9.710000038146973,9.010000228881836,9.279999732971191,9.279999732971191,27008900,AMC,-0.4200000762939453,0.010000228881835938
2021-04-21,9.25,9.8100004196167,9.140000343322754,9.779999732971191,9.779999732971191,23598200,AMC,0.5299997329711914,0.5600004196166992
2021-04-22,9.949999809265137,10.649999618530273,9.789999961853027,9.989999771118164,9.989999771118164,49923500,AMC,0.039999961853027344,0.6999998092651367
2021-04-23,10.09000015258789,10.380000114440918,9.960000038146973,10.15999984741211,10.15999984741211,27465600,AMC,0.06999969482421875,0.28999996185302734
2021-04-26,10.6899995803833,11.960000038146973,10.569999694824219,11.5,11.5,78592900,AMC,0.8100004196166992,1.2700004577636719
2021-04-27,11.680000305175781,12.220000267028809,11.220000267028809,11.460000038146973,11.460000038146973,51629800,AMC,-0.2200002670288086,0.5399999618530273
2021-04-28,10.850000381469727,11.390000343322754,10.649999618530273,10.850000381469727,10.850000381469727,39720500,AMC,0.0,0.5399999618530273
2021-04-29,10.949999809265137,11.039999961853027,10.09000015258789,10.199999809265137,10.199999809265137,37782900,AMC,-0.75,0.09000015258789062
2020-12-01,17.110000610351562,17.399999618530273,15.760000228881836,15.800000190734863,15.800000190734863,12653900,GME,-1.3100004196166992,0.28999900817871094
2020-12-02,15.699999809265137,16.68000030517578,15.380000114440918,16.579999923706055,16.579999923706055,7883400,GME,0.880000114440918,0.9800004959106445
2020-12-03,16.479999542236328,16.639999389648438,15.869999885559082,16.1200008392334,16.1200008392334,6295000,GME,-0.3599987030029297,0.15999984741210938
2020-12-04,16.299999237060547,17.290000915527344,16.260000228881836,16.899999618530273,16.899999618530273,8972700,GME,0.6000003814697266,0.9900016784667969
2020-12-07,17.0,17.5,16.219999313354492,16.350000381469727,16.350000381469727,7386300,GME,-0.6499996185302734,0.5
2020-12-08,16.3700008392334,17.209999084472656,15.930000305175781,16.940000534057617,16.940000534057617,16120200,GME,0.5699996948242188,0.8399982452392578
2020-12-09,13.920000076293945,14.729999542236328,13.229999542236328,13.65999984741211,13.65999984741211,24357900,GME,-0.26000022888183594,0.8099994659423828
2020-12-10,13.119999885559082,14.40999984741211,13.050000190734863,14.119999885559082,14.119999885559082,7558900,GME,1.0,1.2899999618530273
2020-12-11,13.90999984741211,14.0,13.020000457763672,13.3100004196167,13.3100004196167,7496900,GME,-0.5999994277954102,0.09000015258789062
2020-12-14,13.34000015258789,13.430000305175781,12.140000343322754,12.720000267028809,12.720000267028809,10007100,GME,-0.619999885559082,0.09000015258789062
2020-12-15,12.779999732971191,14.020000457763672,12.479999542236328,13.850000381469727,13.850000381469727,8189800,GME,1.0700006484985352,1.2400007247924805
2020-12-16,13.960000038146973,14.3100004196167,13.579999923706055,13.850000381469727,13.850000381469727,5865100,GME,-0.1099996566772461,0.35000038146972656
2020-12-17,13.960000038146973,14.979999542236328,13.59000015258789,14.829999923706055,14.829999923706055,8194900,GME,0.869999885559082,1.0199995040893555
2020-12-18,15.779999732971191,16.299999237060547,15.180000305175781,15.630000114440918,15.630000114440918,16618800,GME,-0.14999961853027344,0.5199995040893555
2020-12-21,15.8100004196167,16.350000381469727,15.279999732971191,15.529999732971191,15.529999732971191,9876100,GME,-0.2800006866455078,0.5399999618530273
2020-12-22,16.219999313354492,20.040000915527344,16.149999618530273,19.459999084472656,19.459999084472656,30652700,GME,3.239999771118164,3.8200016021728516
2020-12-23,20.170000076293945,22.350000381469727,19.1299991607666,20.56999969482422,20.56999969482422,25830300,GME,0.39999961853027344,2.1800003051757812
2020-12-24,21.010000228881836,21.479999542236328,19.950000762939453,20.149999618530273,20.149999618530273,6262200,GME,-0.8600006103515625,0.4699993133544922
2020-12-28,21.309999465942383,21.969999313354492,20.350000381469727,20.989999771118164,20.989999771118164,8965900,GME,-0.31999969482421875,0.6599998474121094
2020-12-29,20.81999969482422,21.06999969482422,18.559999465942383,19.3799991607666,19.3799991607666,9241400,GME,-1.4400005340576172,0.25
2020-12-30,19.3799991607666,20.0,18.850000381469727,19.260000228881836,19.260000228881836,5934400,GME,-0.11999893188476562,0.6200008392333984
2020-12-31,19.25,19.799999237060547,18.799999237060547,18.84000015258789,18.84000015258789,6922700,GME,-0.4099998474121094,0.5499992370605469
2021-01-04,19.0,19.100000381469727,17.149999618530273,17.25,17.25,10022500,GME,-1.75,0.10000038146972656
2021-01-05,17.350000381469727,18.079999923706055,17.229999542236328,17.3700008392334,17.3700008392334,4961500,GME,0.020000457763671875,0.7299995422363281
2021-01-06,17.34000015258789,18.979999542236328,17.329999923706055,18.360000610351562,18.360000610351562,6056200,GME,1.0200004577636719,1.6399993896484375
2021-01-07,18.469999313354492,19.450000762939453,18.020000457763672,18.079999923706055,18.079999923706055,6129300,GME,-0.3899993896484375,0.9800014495849609
2021-01-08,18.18000030517578,18.299999237060547,17.079999923706055,17.690000534057617,17.690000534057617,6482000,GME,-0.48999977111816406,0.11999893188476562
2021-01-11,19.40999984741211,20.649999618530273,19.010000228881836,19.940000534057617,19.940000534057617,14908000,GME,0.5300006866455078,1.239999771118164
2021-01-12,19.959999084472656,20.399999618530273,19.31999969482422,19.950000762939453,19.950000762939453,7060700,GME,-0.009998321533203125,0.4400005340576172
2021-01-13,20.420000076293945,38.650001525878906,20.030000686645508,31.399999618530273,31.399999618530273,144501700,GME,10.979999542236328,18.23000144958496
2021-01-14,38.09000015258789,43.060001373291016,33.04999923706055,39.90999984741211,39.90999984741211,93717400,GME,1.8199996948242188,4.970001220703125
2021-01-15,38.4900016784668,40.75,34.0099983215332,35.5,35.5,46866400,GME,-2.990001678466797,2.259998321533203
2021-01-19,41.54999923706055,45.52000045776367,36.63999938964844,39.36000061035156,39.36000061035156,74721900,GME,-2.1899986267089844,3.970001220703125
2021-01-20,37.369998931884766,41.189998626708984,36.060001373291016,39.119998931884766,39.119998931884766,33471800,GME,1.75,3.8199996948242188
2021-01-21,39.22999954223633,44.75,37.0,43.029998779296875,43.029998779296875,56216900,GME,3.799999237060547,5.520000457763672
2021-01-22,42.59000015258789,76.76000213623047,42.31999969482422,65.01000213623047,65.01000213623047,197157900,GME,22.420001983642578,34.17000198364258
2021-01-25,96.7300033569336,159.17999267578125,61.130001068115234,76.79000091552734,76.79000091552734,177874000,GME,-19.94000244140625,62.449989318847656
2021-01-26,88.55999755859375,150.0,80.19999694824219,147.97999572753906,147.97999572753906,178588000,GME,59.41999816894531,61.44000244140625
2021-01-27,354.8299865722656,380.0,249.0,347.510009765625,347.510009765625,93396700,GME,-7.319976806640625,25.170013427734375
2021-01-28,265.0,483.0,112.25,193.60000610351562,193.60000610351562,58815800,GME,-71.39999389648438,218.0
2021-01-29,379.7099914550781,413.9800109863281,250.0,325.0,325.0,50566100,GME,-54.709991455078125,34.27001953125
2021-02-01,316.55999755859375,322.0,212.0,225.0,225.0,37382200,GME,-91.55999755859375,5.44000244140625
2021-02-02,140.75999450683594,158.0,74.22000122070312,90.0,90.0,78183100,GME,-50.75999450683594,17.240005493164062
2021-02-03,112.01000213623047,113.4000015258789,85.25,92.41000366210938,92.41000366210938,42698500,GME,-19.599998474121094,1.3899993896484375
2021-02-04,91.19000244140625,91.5,53.33000183105469,53.5,53.5,62427300,GME,-37.69000244140625,0.30999755859375
2021-02-05,54.040000915527344,95.0,51.09000015258789,63.77000045776367,63.77000045776367,81345000,GME,9.729999542236328,40.959999084472656
2021-02-08,72.41000366210938,72.66000366210938,58.02000045776367,60.0,60.0,25687300,GME,-12.410003662109375,0.25
2021-02-09,56.61000061035156,57.0,46.52000045776367,50.310001373291016,50.310001373291016,26843100,GME,-6.299999237060547,0.3899993896484375
2021-02-10,50.77000045776367,62.83000183105469,46.54999923706055,51.20000076293945,51.20000076293945,36455000,GME,0.43000030517578125,12.060001373291016
2021-02-11,50.0099983215332,55.31999969482422,48.220001220703125,51.099998474121094,51.099998474121094,13056700,GME,1.0900001525878906,5.310001373291016
2021-02-12,50.75,55.2400016784668,48.04999923706055,52.400001525878906,52.400001525878906,14573300,GME,1.6500015258789062,4.490001678466797
2021-02-16,52.65999984741211,53.5,49.040000915527344,49.5099983215332,49.5099983215332,8175000,GME,-3.1500015258789062,0.8400001525878906
2021-02-17,49.77000045776367,51.189998626708984,44.560001373291016,45.939998626708984,45.939998626708984,9186800,GME,-3.8300018310546875,1.4199981689453125
2021-02-18,48.4900016784668,48.869998931884766,40.650001525878906,40.689998626708984,40.689998626708984,23990600,GME,-7.8000030517578125,0.37999725341796875
2021-02-19,41.279998779296875,43.88999938964844,38.5,40.59000015258789,40.59000015258789,14828200,GME,-0.6899986267089844,2.6100006103515625
2021-02-22,46.689998626708984,48.5099983215332,42.400001525878906,46.0,46.0,19476000,GME,-0.6899986267089844,1.8199996948242188
2021-02-23,44.970001220703125,46.22999954223633,40.0,44.970001220703125,44.970001220703125,7565200,GME,0.0,1.2599983215332031
2021-02-24,44.70000076293945,91.70999908447266,44.70000076293945,91.70999908447266,91.70999908447266,83111700,GME,47.0099983215332,47.0099983215332
2021-02-25,169.55999755859375,184.67999267578125,101.0,108.7300033569336,108.7300033569336,150308800,GME,-60.829994201660156,15.1199951171875
2021-02-26,117.45999908447266,142.89999389648438,86.0,101.73999786376953,101.73999786376953,92194200,GME,-15.720001220703125,25.43999481201172
2021-03-01,104.54000091552734,133.99000549316406,99.97000122070312,120.4000015258789,120.4000015258789,49794000,GME,15.860000610351562,29.45000457763672
2021-03-02,116.93000030517578,133.1999969482422,112.19999694824219,118.18000030517578,118.18000030517578,33783000,GME,1.25,16.269996643066406
2021-03-03,122.51000213623047,127.75,113.12000274658203,124.18000030517578,124.18000030517578,19273900,GME,1.6699981689453125,5.239997863769531
2021-03-04,125.0,147.8699951171875,115.30000305175781,132.35000610351562,132.35000610351562,32606900,GME,7.350006103515625,22.8699951171875
2021-03-05,128.1699981689453,151.52999877929688,127.5,137.74000549316406,137.74000549316406,30733700,GME,9.57000732421875,23.360000610351562
2021-03-08,154.88999938964844,210.8699951171875,146.10000610351562,194.5,194.5,63565600,GME,39.61000061035156,55.97999572753906
2021-03-09,217.7100067138672,249.85000610351562,208.50999450683594,246.89999389648438,246.89999389648438,39099300,GME,29.189987182617188,32.13999938964844
2021-03-10,269.42999267578125,348.5,172.0,265.0,265.0,71570600,GME,-4.42999267578125,79.07000732421875
2021-03-11,241.63999938964844,281.5,232.60000610351562,260.0,260.0,28312500,GME,18.360000610351562,39.86000061035156
2021-03-12,275.0,295.5,262.2699890136719,264.5,264.5,25845900,GME,-10.5,20.5
2021-03-15,277.5199890136719,283.0,206.0,220.13999938964844,220.13999938964844,24100400,GME,-57.37998962402344,5.480010986328125
2021-03-16,203.16000366210938,220.6999969482422,172.35000610351562,208.1699981689453,208.1699981689453,35422900,GME,5.0099945068359375,17.539993286132812
2021-03-17,217.83999633789062,231.47000122070312,204.0,209.80999755859375,209.80999755859375,16481600,GME,-8.029998779296875,13.6300048828125
2021-03-18,214.0,218.8800048828125,195.64999389648438,201.75,201.75,11764900,GME,-12.25,4.8800048828125
2021-03-19,195.72999572753906,227.0,182.66000366210938,200.27000427246094,200.27000427246094,24677300,GME,4.540008544921875,31.270004272460938
2021-03-22,205.25999450683594,210.36000061035156,186.1999969482422,194.49000549316406,194.49000549316406,10061500,GME,-10.769989013671875,5.100006103515625
2021-03-23,197.5,201.75,177.5500030517578,181.75,181.75,14429100,GME,-15.75,4.25
2021-03-24,157.97999572753906,166.97000122070312,118.62000274658203,120.33999633789062,120.33999633789062,24177900,GME,-37.63999938964844,8.990005493164062
2021-03-25,123.48999786376953,187.5,116.9000015258789,183.75,183.75,50962300,GME,60.26000213623047,64.01000213623047
2021-03-26,197.67999267578125,218.92999267578125,163.25999450683594,181.0,181.0,37430700,GME,-16.67999267578125,21.25
2021-03-29,180.75,193.9199981689453,173.50999450683594,181.3000030517578,181.3000030517578,10042200,GME,0.5500030517578125,13.169998168945312
2021-03-30,187.5,204.3000030517578,182.0,194.4600067138672,194.4600067138672,17094900,GME,6.9600067138671875,16.800003051757812
2021-03-31,197.5,199.4600067138672,187.11000061035156,189.82000732421875,189.82000732421875,8393800,GME,-7.67999267578125,1.9600067138671875
2021-04-01,193.36000061035156,196.97000122070312,183.60000610351562,191.4499969482422,191.4499969482422,9334300,GME,-1.910003662109375,3.6100006103515625
2021-04-05,171.0,195.0,164.80999755859375,186.9499969482422,186.9499969482422,14070500,GME,15.949996948242188,24.0
2021-04-06,185.2100067138672,192.0,183.55999755859375,184.5,184.5,6218300,GME,-0.7100067138671875,6.7899932861328125
2021-04-07,183.22000122070312,184.5,176.11000061035156,177.97000122070312,177.97000122070312,4768300,GME,-5.25,1.279998779296875
2021-04-08,185.8800048828125,185.8800048828125,164.3000030517578,170.25999450683594,170.25999450683594,10047400,GME,-15.620010375976562,0.0
2021-04-09,169.6999969482422,171.5800018310547,153.0,158.36000061035156,158.36000061035156,9462400,GME,-11.339996337890625,1.8800048828125
2021-04-12,158.11000061035156,163.89999389648438,135.00999450683594,141.08999633789062,141.08999633789062,16683600,GME,-17.020004272460938,5.7899932861328125
2021-04-13,141.8800048828125,145.3800048828125,132.0,140.99000549316406,140.99000549316406,6806900,GME,-0.8899993896484375,3.5
2021-04-14,143.57000732421875,174.08999633789062,143.0,166.52999877929688,166.52999877929688,21138100,GME,22.959991455078125,30.519989013671875
2021-04-15,163.0,166.25,152.8000030517578,156.44000244140625,156.44000244140625,7856800,GME,-6.55999755859375,3.25
2021-04-16,156.0,160.1999969482422,151.25,154.69000244140625,154.69000244140625,5214700,GME,-1.30999755859375,4.1999969482421875
2021-04-19,171.8000030517578,175.1999969482422,162.3300018310547,164.3699951171875,164.3699951171875,10520200,GME,-7.4300079345703125,3.399993896484375
2021-04-20,164.13999938964844,164.88999938964844,153.36000061035156,158.52999877929688,158.52999877929688,4658600,GME,-5.6100006103515625,0.75
2021-04-21,158.39999389648438,162.97999572753906,155.9199981689453,158.50999450683594,158.50999450683594,3812800,GME,0.1100006103515625,4.5800018310546875
2021-04-22,159.10000610351562,159.10000610351562,146.86000061035156,151.1699981689453,151.1699981689453,4345800,GME,-7.9300079345703125,0.0
2021-04-23,149.0,153.66000366210938,144.6999969482422,151.17999267578125,151.17999267578125,4029100,GME,2.17999267578125,4.660003662109375
2021-04-26,150.97999572753906,174.67999267578125,148.75999450683594,168.92999267578125,168.92999267578125,10532100,GME,17.949996948242188,23.699996948242188
2021-04-27,183.5500030517578,188.0,173.1699981689453,177.77000427246094,177.77000427246094,8932700,GME,-5.779998779296875,4.4499969482421875
2021-04-28,172.10000610351562,181.97999572753906,166.02999877929688,178.5800018310547,178.5800018310547,5788900,GME,6.4799957275390625,9.879989624023438
2021-04-29,176.55999755859375,180.86000061035156,170.75,176.19000244140625,176.19000244140625,3760300,GME,-0.3699951171875,4.3000030517578125
2020-12-01,335.9200134277344,337.79998779296875,335.32000732421875,336.29998779296875,331.5379943847656,3224200,VOO,0.379974365234375,1.879974365234375
2020-12-02,335.2200012207031,337.1099853515625,334.6499938964844,337.010009765625,332.2379150390625,2270300,VOO,1.790008544921875,1.889984130859375
2020-12-03,336.9100036621094,338.29998779296875,335.8800048828125,336.9100036621094,332.1393127441406,2851100,VOO,0.0,1.389984130859375
2020-12-04,337.5,339.8399963378906,337.45001220703125,339.80999755859375,334.9982604980469,2907000,VOO,2.30999755859375,2.339996337890625
2020-12-07,339.07000732421875,339.6300048828125,337.9100036621094,339.17999267578125,334.3771667480469,1943100,VOO,0.1099853515625,0.55999755859375
2020-12-08,337.8900146484375,340.70001220703125,337.8500061035156,340.1600036621094,335.34332275390625,1948200,VOO,2.269989013671875,2.80999755859375
2020-12-09,340.7900085449219,340.92999267578125,336.260009765625,337.1400146484375,332.3661193847656,2545800,VOO,-3.649993896484375,0.139984130859375
2020-12-10,335.739990234375,338.0,334.8399963378906,336.9800109863281,332.2083435058594,2738600,VOO,1.240020751953125,2.260009765625
2020-12-11,335.30999755859375,336.79998779296875,333.7699890136719,336.54998779296875,331.784423828125,2387900,VOO,1.239990234375,1.489990234375
2020-12-14,338.760009765625,339.7900085449219,334.8900146484375,335.010009765625,330.2662048339844,2654600,VOO,-3.75,1.029998779296875
2020-12-15,337.6400146484375,339.6400146484375,336.239990234375,339.6400146484375,334.8306884765625,2757400,VOO,2.0,2.0
2020-12-16,339.8299865722656,341.0400085449219,338.9599914550781,340.1600036621094,335.34332275390625,2943200,VOO,0.33001708984375,1.21002197265625
2020-12-17,341.7699890136719,342.25,340.9599914550781,342.010009765625,337.1671142578125,2627000,VOO,0.240020751953125,0.480010986328125
2020-12-18,342.3900146484375,342.5,338.70001220703125,340.6400146484375,335.8164978027344,6025700,VOO,-1.75,0.1099853515625
2020-12-21,336.8299865722656,340.3800048828125,334.1099853515625,339.5899963378906,334.7813415527344,3918100,VOO,2.760009765625,3.550018310546875
2020-12-22,338.4700012207031,338.54998779296875,336.4700012207031,337.5400085449219,334.1211242675781,2371900,VOO,-0.92999267578125,0.079986572265625
2020-12-23,338.5400085449219,339.75,337.69000244140625,337.80999755859375,334.38836669921875,3682200,VOO,-0.730010986328125,1.209991455078125
2020-12-24,338.3699951171875,339.17999267578125,337.7699890136719,339.1600036621094,335.7247009277344,1447500,VOO,0.790008544921875,0.80999755859375
2020-12-28,341.739990234375,342.4599914550781,341.0899963378906,342.1099853515625,338.6448059082031,2798800,VOO,0.3699951171875,0.720001220703125
2020-12-29,343.6300048828125,343.7699890136719,340.8699951171875,341.3900146484375,337.93212890625,2555500,VOO,-2.239990234375,0.139984130859375
2020-12-30,342.2799987792969,342.9100036621094,341.57000732421875,341.8500061035156,338.3874816894531,2009100,VOO,-0.42999267578125,0.6300048828125
2020-12-31,341.82000732421875,344.3699951171875,341.2300109863281,343.69000244140625,340.2088317871094,3507000,VOO,1.8699951171875,2.54998779296875
2021-01-04,345.0199890136719,345.0899963378906,335.3699951171875,339.0299987792969,335.59600830078125,5402600,VOO,-5.989990234375,0.07000732421875
2021-01-05,338.3999938964844,342.3900146484375,338.3900146484375,341.260009765625,337.8034362792969,3299700,VOO,2.860015869140625,3.990020751953125
2021-01-06,339.7900085449219,346.5,339.29998779296875,343.3299865722656,339.85247802734375,4805000,VOO,3.53997802734375,6.709991455078125
2021-01-07,345.739990234375,349.20001220703125,345.5400085449219,348.4599914550781,344.9305114746094,3638900,VOO,2.720001220703125,3.46002197265625
2021-01-08,349.8800048828125,350.6199951171875,346.6400146484375,350.4200134277344,346.87066650390625,3758500,VOO,0.540008544921875,0.739990234375
2021-01-11,347.3599853515625,349.82000732421875,347.20001220703125,348.1300048828125,344.6038818359375,2975000,VOO,0.77001953125,2.46002197265625
2021-01-12,348.29998779296875,349.1499938964844,345.9700012207031,348.1600036621094,344.6335754394531,2298400,VOO,-0.139984130859375,0.850006103515625
2021-01-13,348.1099853515625,350.05999755859375,347.32000732421875,349.0299987792969,345.4947509765625,3039900,VOO,0.920013427734375,1.95001220703125
2021-01-14,349.8500061035156,350.32000732421875,347.54998779296875,347.8500061035156,344.32672119140625,3497400,VOO,-2.0,0.470001220703125
2021-01-15,346.2699890136719,347.05999755859375,343.5299987792969,345.3699951171875,341.8717956542969,3622100,VOO,-0.899993896484375,0.790008544921875
2021-01-19,347.79998779296875,348.5899963378906,346.3599853515625,348.1000061035156,344.57415771484375,3433800,VOO,0.300018310546875,0.790008544921875
2021-01-20,350.32000732421875,353.7099914550781,349.9700012207031,352.8299865722656,349.2562255859375,2920600,VOO,2.509979248046875,3.389984130859375
2021-01-21,353.4599914550781,353.8399963378906,352.29998779296875,353.1600036621094,349.5829162597656,2580800,VOO,-0.29998779296875,0.3800048828125
2021-01-22,351.3800048828125,353.0400085449219,350.989990234375,351.8999938964844,348.3356628417969,1812200,VOO,0.519989013671875,1.660003662109375
2021-01-25,352.7099914550781,353.67999267578125,347.9700012207031,353.3299865722656,349.7511901855469,3549000,VOO,0.6199951171875,0.970001220703125
2021-01-26,354.2300109863281,354.6499938964844,352.6000061035156,352.79998779296875,349.2265319824219,2430200,VOO,-1.430023193359375,0.41998291015625
2021-01-27,349.5400085449219,349.55999755859375,341.989990234375,344.239990234375,340.75323486328125,5010400,VOO,-5.300018310546875,0.019989013671875
2021-01-28,345.9700012207031,351.07000732421875,345.5799865722656,347.1300048828125,343.6139831542969,3432200,VOO,1.160003662109375,5.100006103515625
2021-01-29,345.30999755859375,346.2200012207031,338.57000732421875,340.17999267578125,336.734375,5803600,VOO,-5.1300048828125,0.910003662109375
2021-02-01,343.6300048828125,346.8500061035156,341.3999938964844,345.7699890136719,342.26776123046875,3334000,VOO,2.139984130859375,3.220001220703125
2021-02-02,349.04998779296875,352.3399963378906,349.0,350.739990234375,347.1874084472656,2955200,VOO,1.69000244140625,3.290008544921875
2021-02-03,351.70001220703125,352.79998779296875,349.8800048828125,351.0899963378906,347.53387451171875,3392800,VOO,-0.610015869140625,1.0999755859375
2021-02-04,352.1199951171875,355.0400085449219,351.9200134277344,355.0199890136719,351.4240417480469,1988300,VOO,2.899993896484375,2.920013427734375
2021-02-05,356.8999938964844,357.1300048828125,355.32000732421875,356.44000244140625,352.8297119140625,2091800,VOO,-0.459991455078125,0.230010986328125
2021-02-08,357.9200134277344,359.07000732421875,357.05999755859375,359.07000732421875,355.43304443359375,3371100,VOO,1.149993896484375,1.149993896484375
2021-02-09,358.2200012207031,359.3299865722656,357.7699890136719,358.7799987792969,355.1459655761719,1891200,VOO,0.55999755859375,1.1099853515625
2021-02-10,360.5299987792969,360.6099853515625,356.29998779296875,358.6400146484375,355.0074157714844,2400000,VOO,-1.889984130859375,0.079986572265625
2021-02-11,359.7099914550781,360.1000061035156,356.8399963378906,359.2200012207031,355.58154296875,2237200,VOO,-0.489990234375,0.3900146484375
2021-02-12,358.45001220703125,361.19000244140625,358.3599853515625,361.04998779296875,357.3929748535156,2144500,VOO,2.5999755859375,2.739990234375
2021-02-16,362.1499938964844,362.3699951171875,359.9800109863281,360.7099914550781,357.05645751953125,4408500,VOO,-1.44000244140625,0.220001220703125
2021-02-17,359.0299987792969,360.9700012207031,357.9200134277344,360.7900085449219,357.1356201171875,3211800,VOO,1.760009765625,1.94000244140625
2021-02-18,358.239990234375,359.92999267578125,356.489990234375,359.25,355.6112365722656,3010500,VOO,1.010009765625,1.69000244140625
2021-02-19,360.4700012207031,360.7099914550781,358.1400146484375,358.5899963378906,354.9578857421875,2487100,VOO,-1.8800048828125,0.239990234375
2021-02-22,355.8399963378906,358.19000244140625,355.55999755859375,355.7699890136719,352.1664733886719,3291000,VOO,-0.07000732421875,2.350006103515625
2021-02-23,353.69000244140625,357.55999755859375,349.5299987792969,356.2200012207031,352.6119079589844,5251100,VOO,2.529998779296875,3.8699951171875
2021-02-24,355.1499938964844,360.5799865722656,354.20001220703125,360.1600036621094,356.51202392578125,3301200,VOO,5.010009765625,5.42999267578125
2021-02-25,359.0299987792969,360.2699890136719,350.0799865722656,351.5199890136719,347.95953369140625,7049200,VOO,-7.510009765625,1.239990234375
2021-02-26,353.4700012207031,354.4700012207031,347.7099914550781,349.5899963378906,346.049072265625,7579500,VOO,-3.8800048828125,1.0
2021-03-01,354.54998779296875,359.3900146484375,354.5,358.1199951171875,354.49267578125,3721100,VOO,3.57000732421875,4.84002685546875
2021-03-02,358.3800048828125,358.6300048828125,355.1600036621094,355.3500061035156,351.750732421875,5462600,VOO,-3.029998779296875,0.25
2021-03-03,354.70001220703125,355.6400146484375,350.55999755859375,350.6600036621094,347.1082458496094,6317600,VOO,-4.040008544921875,0.94000244140625
2021-03-04,350.489990234375,353.0199890136719,341.9200134277344,346.3399963378906,342.83197021484375,6604500,VOO,-4.149993896484375,2.529998779296875
2021-03-05,349.7699890136719,353.7300109863281,342.5899963378906,352.69000244140625,349.11767578125,8721300,VOO,2.920013427734375,3.96002197265625
2021-03-08,353.6300048828125,356.3999938964844,350.6600036621094,350.9599914550781,347.40521240234375,5663500,VOO,-2.670013427734375,2.769989013671875
2021-03-09,354.75,358.4599914550781,354.2300109863281,355.8699951171875,352.26544189453125,6075100,VOO,1.1199951171875,3.709991455078125
2021-03-10,358.29998779296875,359.8399963378906,356.8800048828125,358.07000732421875,354.4432067871094,7231400,VOO,-0.22998046875,1.540008544921875
2021-03-11,360.6600036621094,363.760009765625,360.1600036621094,361.8500061035156,358.18487548828125,3340700,VOO,1.19000244140625,3.100006103515625
2021-03-12,360.5,362.45001220703125,359.6700134277344,362.3599853515625,358.6897277832031,4847300,VOO,1.8599853515625,1.95001220703125
2021-03-15,362.6700134277344,364.75,360.45001220703125,364.4599914550781,360.7684326171875,3154800,VOO,1.78997802734375,2.079986572265625
2021-03-16,365.1199951171875,365.7799987792969,363.25,364.04998779296875,360.36260986328125,3698400,VOO,-1.07000732421875,0.660003662109375
2021-03-17,362.8299865722656,366.04998779296875,361.6199951171875,365.239990234375,361.54052734375,5011600,VOO,2.410003662109375,3.220001220703125
2021-03-18,362.7300109863281,364.760009765625,359.2799987792969,359.8699951171875,356.2249450683594,5067500,VOO,-2.860015869140625,2.029998779296875
2021-03-19,359.6499938964844,361.1700134277344,357.1400146484375,359.2300109863281,355.5914611816406,5382800,VOO,-0.41998291015625,1.52001953125
2021-03-22,359.7900085449219,363.5,359.760009765625,362.07000732421875,358.4026794433594,3417600,VOO,2.279998779296875,3.709991455078125
2021-03-23,361.5299987792969,362.94000244140625,358.510009765625,359.4100036621094,355.7696228027344,4954600,VOO,-2.1199951171875,1.410003662109375
2021-03-24,360.7099914550781,362.2699890136719,357.4200134277344,357.4200134277344,353.7997741699219,4099000,VOO,-3.28997802734375,1.55999755859375
2021-03-25,356.0799865722656,360.239990234375,354.1400146484375,359.42999267578125,355.78936767578125,5487300,VOO,3.350006103515625,4.160003662109375
2021-03-26,359.3699951171875,364.3699951171875,358.75,364.010009765625,361.5935974121094,3322600,VOO,4.6400146484375,5.0
2021-03-29,362.57000732421875,364.67999267578125,361.1099853515625,363.7900085449219,361.37506103515625,3143300,VOO,1.220001220703125,2.1099853515625
2021-03-30,362.55999755859375,363.4700012207031,361.2699890136719,362.8599853515625,360.4512023925781,3696200,VOO,0.29998779296875,0.910003662109375
2021-03-31,363.3900146484375,365.82000732421875,363.3900146484375,364.29998779296875,361.8816833496094,7470300,VOO,0.90997314453125,2.42999267578125
2021-04-01,366.20001220703125,368.2900085449219,366.0299987792969,368.1600036621094,365.7160339355469,5132000,VOO,1.959991455078125,2.089996337890625
2021-04-05,370.8900146484375,374.07000732421875,370.80999755859375,373.4700012207031,370.9908142089844,3764100,VOO,2.579986572265625,3.17999267578125
2021-04-06,373.0400085449219,374.3299865722656,372.6700134277344,373.260009765625,370.7821960449219,3583500,VOO,0.220001220703125,1.28997802734375
2021-04-07,373.1400146484375,374.0799865722656,372.7200012207031,373.7300109863281,371.24908447265625,2768900,VOO,0.589996337890625,0.939971923828125
2021-04-08,374.9700012207031,375.55999755859375,374.05999755859375,375.54998779296875,373.0570068359375,3949400,VOO,0.579986572265625,0.589996337890625
2021-04-09,375.4200134277344,378.3999938964844,375.3299865722656,378.25,375.73907470703125,2627500,VOO,2.829986572265625,2.97998046875
2021-04-12,377.70001220703125,378.6499938964844,377.0799865722656,378.4200134277344,375.907958984375,2747500,VOO,0.720001220703125,0.949981689453125
2021-04-13,378.3699951171875,380.1199951171875,377.9200134277344,379.45001220703125,376.9311218261719,2985500,VOO,1.08001708984375,1.75
2021-04-14,379.4599914550781,380.510009765625,377.70001220703125,378.2300109863281,375.7192077636719,3691100,VOO,-1.22998046875,1.050018310546875
2021-04-15,380.3299865722656,382.5400085449219,380.2799987792969,382.2900085449219,379.75225830078125,3573800,VOO,1.96002197265625,2.21002197265625
2021-04-16,383.55999755859375,384.1499938964844,382.19000244140625,383.6300048828125,381.0833740234375,3252500,VOO,0.07000732421875,0.589996337890625
2021-04-19,382.6199951171875,383.0899963378906,380.3699951171875,381.739990234375,379.2059020996094,3945700,VOO,-0.8800048828125,0.470001220703125
2021-04-20,380.489990234375,381.1600036621094,377.4700012207031,378.94000244140625,376.42449951171875,4106700,VOO,-1.54998779296875,0.670013427734375
2021-04-21,378.2799987792969,382.6700134277344,378.1400146484375,382.5,379.96087646484375,3640100,VOO,4.220001220703125,4.3900146484375
2021-04-22,382.32000732421875,383.1199951171875,377.9599914550781,378.989990234375,376.4741516113281,3965000,VOO,-3.33001708984375,0.79998779296875
2021-04-23,379.57000732421875,384.4599914550781,379.4599914550781,383.0299987792969,380.4873352050781,3781100,VOO,3.459991455078125,4.889984130859375
2021-04-26,383.7300109863281,384.45001220703125,383.32000732421875,383.8599853515625,381.3117980957031,3125200,VOO,0.129974365234375,0.720001220703125
2021-04-27,384.20001220703125,384.3800048828125,382.7200012207031,383.739990234375,381.192626953125,3370600,VOO,-0.46002197265625,0.17999267578125
2021-04-28,384.1000061035156,385.1700134277344,383.239990234375,383.55999755859375,381.0138244628906,3960400,VOO,-0.540008544921875,1.07000732421875
2021-04-29,386.3999938964844,386.739990234375,382.80999755859375,386.1199951171875,383.55682373046875,4209900,VOO,-0.279998779296875,0.339996337890625
